id,nickname,comment,nickname_class,comment_class,
Ugz85rQhQx3d2WQk3nV4AaABAg,unhyn2s,이은지 저때 되게이쁘네 ㄷㄷ,
UgwF1CVo4aYLNAR0dh54AaABAg,시니,강호동 왜 소리내...;;😊,
UgzQdQ2V3sjkoTx3nVR4AaABAg,클리오유진,김동현 답답하네 커튼 뒤로 숨으라니깐 아오,
Ugxdu0n2uV1v_OwKr9p4AaABAg,가윤,대탈출 시즌5 나왔으면 좋겠어요 ㅜ 2025년에도 열심히 기다려볼게요..,
Ugx0kTEeKRLFFStH4Dt4AaABAg,니가뭔데저리가,대탈출 정주행중~~,
UgzZ9cd55d4JyhG49o94AaABAg,uus2265,ㅠㅠ이랫는데 신동이 없다니..막둥이 피오가 없다니 김발견이 없다니ㅠㅠ,
UgyLPONlm-U9u3-spGp4AaABAg,프로보필러, 아 너무 웃겨 뒤질거같음ㅋㄱㅋㄷㅋㄷㄷㅋㄷㅋㄱㅋㄱ ㄹㅇ 존나 다급하게 움직여 ㅋㅎㅋㄹㅋㅎㅋㅋㄱㄱㅋ,
UgypQyJB1zAyMFH6iht4AaABAg,프로보필러, 콜라G에 이어서 졸라G ㅋㄱㅋㄱㅋㄱㅋㄱㄷㄷㅋㄷㅋㄱㄷㅋㄱㅋㄱㅋㄱㅋㄱㄱㅋㄱㅋㄱㅋㄱㅋㄱㅋㄱㅋㄱㅋㄱㅋㅋㄱㄱㅋ 존나 빠갰네,
UgxSRZ_7-j7gsHIwPF94AaABAg,soo4227,계보린쌤 ㅈㄴ 예쁘네,
UgyU8HlLA9qM7dc6K_14AaABAg,yewon_8, 이은지 미친,
Ugwx5_nv9f5_F1-BbDF4AaABAg,배세연,이은지 넘 빛난다❤,
Ugyl8u33gjGBGyhn-ex4AaABAg,thefifthseason5876, 아 난 진짜 유병재가 대탈출에서 졸라웃김ㅋㅋㅋㅋㅋㅋㅋㅋㅋㅋㅋㅋㅋ,
UgzjYWylVeTyR0i1KAV4AaABAg,Nyrebtetb,어니.... 치밀함이 하나도없고 너무 허점이많음 다른편에비해..... 다른 캐릭터들도 다 봐주는거같고 계획도 이상하고  몰입이하나도안됨 갑자기 b급 갬성됨........,
UgzpqtBNkhRzXRELXUV4AaABAg,Nyrebtetb,몰입을 좀 다들 못한듯 ㅋㅋㅋㅋㅋㅋㅋㅋ 자꾸 음식먹고 느적느적하니까 나까지 몰입안되네..,
Ugzai9QeTvWRCEtgttx4AaABAg,rint0e,아 개웃기네 진짜,
UgzlEI6KZBrlevb6l9R4AaABAg,user-re4sy2xf1f,은지다 은지 이은지,
UgyptL_C10OaC1mrfE54AaABAg,이름-d6l8d,마지막 번지점프장면 막둥이 챙기는거 웰캐 훈훈하냐..,
UgzzujoP6-nFaMSH8PV4AaABAg,가온,아니 초반부에 김종민은 선생님이 몇번이나 조용하라고 소리를 치는데도 싹다 무시하고 ㅈㄴ 떠드네. 그냥 몰입감 자체가 없구나? ㅋㅋ 왜 욕먹는지 알겠다,
UgyL6SzEFBy3HKQqI7F4AaABAg,프렌테트리콜로,김종민은 대탈출 할때마다 늘 느끼지만 직접 촬영현장에 있는 사람으로썬 촬영장비도 있고 엑스트라들이 다 배우인걸 아니깐 몰입감을 못느끼는듯.. 보는 시청자 입장에선 확 깨는 느낌 다른 출연자들은 상황이랑 스토리에 몰입하는게 보이는데 조금은 진지해질 필요가 있을듯,
Ugwc94jjmzhwk26t5W54AaABAg,묘목,뻥 터지는건 왜 편집했나요? 일 못하네 ㅋㅋㅋㅋ,
UgxyLvjL-bZ4Zn5l5oN4AaABAg,수박수92,강호동씨가 제2의 마동석 이시네,
UgwkxUytT0x1F5o_y0t4AaABAg,즈아즈아,실제로 이런 종교 있는거로 아는데... 따라한건가?,
UgwXRFDXLcXfl40nx9t4AaABAg,여배하빈,강호동 오빠팬 입니당,
Ugxv-Y1NOIW44AVkB5h4AaABAg,제노시드,태양여고 학생이던 구하리 양은 몇년 뒤 다른 여고로 전학가서 추리를 하게 되는데...,
Ugxp2D-lXRbr7c6Z0Lx4AaABAg,관종,미라가미라가 됐어,
UgyiaTvU7C3HcmYug9F4AaABAg,sona_ejh,참고로 저 선생님 역할 하신 배우님 강호동보다 나이 어림 ㅋㅋㅋㅋㅋㅋㅋㅋㅋㅋㅋㅋㅋㅋㅋㅋㅋㅋㅋㅋㅋㅋㅋㅋㅋㅋㅋㅋㅋㅋㅋㅋㅋㅋㅋㅋㅋㅋㅋ,
UgyENEqMyB1rVgntCxJ4AaABAg,쿠사나기,여기서 선생님역할 하시는분 사랑과전쟁에서 나오시는분이시네 ㅋㅋㅋㅋㅋㅋ,
Ugwl1-vx2fLRQf4Wg1N4AaABAg,민애옹의613번째털,은지♥,
Ugybpttvz3SdXOR4AR54AaABAg,ahjiraeyo3965,유병재는 왜 은지 웃는거 꼽주고 지랄이야,
UgzASSSZ5NfOxOxo1kN4AaABAg,majesty_0i,은지언니 구하리네!! 어렸다 기여워,
UgyOqIoNoXlFFtefsLF4AaABAg,샄마레, 체벌존 개웃기넼ㅋㅋㅋㅋㅋ,
UgzyfwThHoGBUv6G82B4AaABAg,Hyewoni00,전 주 활약한걸로 매주 주장 정해서 완장다는거 다시 생겼으면 좋겟음!! ㅎㅎㅎ,
Ugy7POx3MNY_54Ai3UZ4AaABAg,Frantzin,여고인데? 남자..음..제작진도 이거 애매하다고 생각했을것 밭은데..,
UgxYX8UB1HU03gPxw254AaABAg,박해문,강호동씨 좋아하는편인데 여기서 왜 종민이만 그렇게 머라하시지 라면 먹는건 신동도 같이 먹었구만 신동한테는 아무소리안하고 종민이 한테만 머라 잔소리 하시네 겁쟁이 6명 ㅋㅋㅋ 재미있게 잘보았어요,
UgwJapY-IL9_qBiawct4AaABAg,user-ht2es7mz4x, 미라 진짜 미라될 뻔했어욬ㅋㅋㅋㅋㅋㅋㅋㅋㅋㅋㅋㅋㅋㅋㅋㅋㅋㅋㅋㅋㅋㅋㅋㅋㅋ 이게 개웃김,
UgzPg9PF5g56Ty7Cnu14AaABAg,GODBDZ, 신도가 봐준듯,
UgyNQfJfE2NeoJV4Jj94AaABAg,강아지,아예 실패할수가 없게 설계했네 갑자기 신도가 ㅈㄴ늘어나있고 심지어 재물이었던애도 신도 ㅋㅋ  열쇠떨어뜨려도 걍 다 모른척 ㅋㅋ,
Ugz-A9BIUobqlHtx2pV4AaABAg,쯔모그,아니 볼따마다 강호동 좀 그런게 남들 다 알고있는 얘기를 드디어 본인이 알아냈다는 듯이 바로 전에 한 당연한 말을 또함 자꾸 이미 남이 다 설명한 얘기를 다시말함,
UgzjPLY619u44-7EeMJ4AaABAg,User-o7b7j,종민이형 ㅈㄴ 불쌍한데 억까 ㅈㄴ 하노,
Ugz07jEHPFU_hDlxbYV4AaABAg,웅애, 병재 깜놀,
Ugz-FfMsJmu--GChJLN4AaABAg,신두형, 여기가 개웃기네ㅋㅋㅋㅋ,
Ugxp0VD5iS3rjpvsARp4AaABAg,빈하,진짜 볼때마다 새시즌 나왔으면 좋겠다는 생각..,
UgywwhUJsqnFOzR2hSR4AaABAg,로로롱a,뭐든겁이 저래많은데 어찌 연애계에서 살아남지 신기하다 다들,
UgxCsd3yjhMW1I4dxLF4AaABAg,마루니아,여고생 이은지 아님?,
UgxCwGDLVRQ5sw0_stV4AaABAg,설은향,김종민 진짜 깝죽깝죽거린다 ㅋㅋㅋ,
Ugxf_Um3jWtUm8pex_B4AaABAg,JJJosuk,상담실에서 분가루 맞는거 왜 스킵함ㅠㅠ 이 편에서 제일 웃긴장면중 하나인데ㅠㅜ,
UgwOy-45lfLmTe9HsgF4AaABAg,reFkay, 김종민 진짜 ㅋㅋㅋ,
UgyZUqRBOIETnE-4-HR4AaABAg,jung_won95,옛날에  볼때랑  지금볼때랑  소름끼친다  드라마 구해줘도  그렇고  사이비종교에  맞서고  졸리지로 나온약은  버닝썬사건  생각나고  대탈출  여러에피소드중에  태양여고랑  좀비나온게  스릴있었는데,
UgxxxgaNZyBSkyESK354AaABAg,핸들없는노래방,이은지네,
UgzR5PheUF16WVhsx7p4AaABAg,유령회원,미라는 진짜 이쁘네 배우임?,
Ugw1qrQy0UN6Uvif6yN4AaABAg,tndus_sh, 신동 몰래 먹다 들킨거 개귀여움ㅋㅋㅋㅋㅋㅋㅋ,
UgyXwfNLO9zNSlVsXrR4AaABAg,kimyejin3080,이은지 진짜 말랐다 ㅋㅋㅋㅋ 이은지라고 말하기 전까지 몰랐음,
UgwXZ8bbhh8LWdAXaC54AaABAg,소블리, ㅋㅋㅋㅋㅋㅋㅋ피오 개수상하게 왜케웃겨,
UgzWYjJbquw7VpggbGx4AaABAg,집가고싶다-0711,확실히 종민이형이 답답하긴한데 그맛에 보는거긴해,
UgyuH-xeBKSmPtqR2DJ4AaABAg,호야,김종민 로브입고 나오는 장면 갸웃곀ㅋㅋㄱㅋㄱㅋㄱㄱㅋㄱㅋㄱㄱㅋㄱㅋㄱㅋㄱㄱㅋㄱㅋㅋㄱㅋㄱㅋㄱㄱㅋㄱㅋㄱㅋㄱㅋㄱㅋㄱㅋㄱㅋㄱㄱㅋㄱㅋㄱㅋㄱㄱㅋㄱ 나도 놀람,
UgwP1L7bP8xQhWFjEnZ4AaABAg,abCqkf, 계보린 쌤 예쁘다…,
UgwaiBIsDs1qngEIqdB4AaABAg,민수,와 김종민 혐차네 진짜 몰입감 다 떨어트려 ㅅㅂ 몰입을 할려고 해도 다깨네 하 하긴 이런곳에 트롤없으면 그것대로 또 재미가 떨어지니,
UgxbCRs0CpkF38w9EPF4AaABAg,김민성,김종민 ㄹㅇ 보면 자기멋대로 행동하고 그러는거 확률적이다 너무   개트롤이네. 신동은 쳐묵기만하고,
UgyErLbKkyG9nbBFFuR4AaABAg,parkmindow,구하리 눈에 익은 얼굴인가 했더니 다시보니 개그우먼 이은지였네,
UgwV66GRI-e1OG9hoyp4AaABAg,weus_young, 여기에 강호동이 김종민 툭 치는데 가루 날리는 거ㅋㅋㅋㅋㅋㅋㅋㅋㅋㅋㅋㅋㅋㅋㅋㅋㅋㅋㅋㅋㅋㅋㅋ,
UgwDR1PqZV1Vt8RRtKd4AaABAg,34베니,와우리과학쌤이랑또같다,
Ugzkr_pBBU5409GaQi14AaABAg,서차니, 시험보는데 물어보니까 그렇죠😅ㅋㅋㅋㅋ,
UgzEI-8ooYJymnJvGEN4AaABAg,호잇,김종민은 지 멋대로고 신동은 계속 쳐먹고 아휴ㅋㅋㅋ 왜 이렇게 꼴보기가 싫지,
UgwG6QBbQW2CgVT9WQp4AaABAg,Sapphire_z,근데 보니까 도서관 되게 좁다,
UgzKMneDrPSFoJeqLB94AaABAg,낑깡,금고 진짜 저렇게 해서 여는 게 정답임??,
Ugwzk9-wu9T9QlFwJsl4AaABAg,Parkmyongsooi,하이브 아니냐 ㅋㅋㅋㅋ 사이비를 믿는 뱅돼지와 그 추종자들😂,
UgzBogWk8mlMlKxcphB4AaABAg,nyan9nyan9,와 벌레 ㄹㅈㄷ,
UgxlAs5FS5R92j61SAx4AaABAg,TV-yg8yw,계보린쌤 얼굴뿐만아니라 마음씨도 건강했네 그래서 약이름도 있지,
Ugy0XzggdffeZ2FKjqJ4AaABAg,에이냥이,ㅈㄴ 재밌네 이거 ㅋㅋㅋ,
UgzmJQwsRZWfWDCfbdp4AaABAg,코토핑,하리 뭐가 이은지 비슷한데,
UgzV8kuRZ6nQQxdEUwB4AaABAg,mahavanya3555,비밀아지트에 창문이 저렇게 커다랗게 있는데 선생들이 어떻게 모를수가 있단거지??,
Ugxzwdqy7c1sJELR5ql4AaABAg,Wegohi1020,쪽지 뺏어보는거 이거 프로그램 아니였으면 진짜 개열받을듯ㅋㅎㅋㅎㅋㅎㅋㅎㅋㅎㅋㅎㅎㅋㅎㅋ 개빡친닼ㅋㅋㅋ,
Ugw8oGTiouZp_Lb-8dl4AaABAg,zzzzz8994, 여기부터 진짜 개웃기네..,
Ugx4TV_gyhiUBn0vszN4AaABAg,esteen0218,김종민 로브입고 나왔을때 은지 웃는거보고 나도 빵터져서 박장대소 했지ㅋㅋㅋㅋ,
Ugya3U9GD-RvUjk-lzR4AaABAg,김도형,참…… 김종민 밉상이라서 나오는 프로그램 다 안보은데 다른분들 좋아서 보는데 참 …. 걸리네…..,
UgySmJddc5MCA6MlBw54AaABAg,sashazhia,we need season 5 😢,
UgyIyjs6vS_4uCJ64vZ4AaABAg,데네브,처음에 쪽지 준 여학생 이은지 아니에요??,
UgzU-bcFdhYuMadwlwx4AaABAg,소이,이 편은 김동현도 한 몫한 것 같다,
Ugx7hm60LVmWHI-E7yR4AaABAg,day6needsaland,새 시즌 나오나요...❤,
UgzNE7YIVvVEvO84rt94AaABAg,대탈출,강호동 혼비백산 개웃기네 ㅋㅋㅋㅋㅋㅋㅋㅋㅋㅋㅋㅋㅋㅋㅋㅋㅋㅋㅋㅋ,
UgxQD1p_ODAsGhRX_j14AaABAg,임재민,미라 여고생 인스타 아이디 아시는분,
UgyeYIRxW5juNuKdLK54AaABAg,papipo580, 여기 종민이 거울에 비치는데 신도가 나몰라~하네용 ㅎㅎ,
UgyoEoUDRAb0AhZWgt94AaABAg,nyang2dad, 이 편에서 제일 웃긴장면 고르라면 난 이거임 ㅋㅋ,
UgzJ9J9-5YA_CVwJurR4AaABAg,Jang,그러고 보니 저기 1층인 걸로 기억하는데 창문열고 넘어가면 탈출 아닌가요?,
UgxKypDIIGA-AKRswD14AaABAg,최애의원영, 미라가 미라가 됐다 ㅋㅋㅋㅋ,
UgzCKVDh72MYhpNPq6t4AaABAg,버번,    _전 직업이 의심되는 현 가수_ ㅋㅋㅋㅋ😂,
Ugz68sG1y_1lfzB4DS94AaABAg,youoy22,새 시즌에서는 태양여고 후속작은 아니더라두 학교 괴담 이런거도 했으면 좋겠어용 ! !,
UgxsLtrXKkBcCmgd5Bh4AaABAg,MrYou-wf1df,개쫄보들 쓸데없는데 시간졸라낭비하노...,
Ugz7vHmWgQeTHTwqdyZ4AaABAg,김살수,신동 마지막용기 좋았다,
UgzSpoZl7bPYFIaGETh4AaABAg,rcylee,스케일이나 스토리나 너무 잘 준비했는데 출연진이 방송이란걸 알다보니까 몰입을 못하는게 아쉽네...설정이라도 사람 잡혀갔는데 자꾸 뭐 먹자고 하는 멘트나 이은지한테 코빅서 봤다고 하는거나 보면서 깬다ㅜ,
UgxlF8-5mbpD3nppOch4AaABAg,Shibe2113, 김종민 개웃기네 진짴ㅋㅋㅋㅋㅋㅋㅋㅋㅋㅋㅋㅋㅋㅋㅋ,
UgxXJh9pH0c_Djg3IO94AaABAg,bm-zq6tp,여기서 이은지가 개이쁘게 나오네...,
Ugy9VJanf2s3RpLK4TN4AaABAg,user-bear7774,여고라며  여장해야 하는거 아니냐고 ㅋㅋㅋㅋㅋㅋㅋㅋ 왜 자연스럽게 진행하는데 ㅋㅋㅋㅋㅋ,
UgxAks0rsl8oqM9aswx4AaABAg,TV-lx1sh,ㅋㅋㅋㅋㅋㅋ ,
UgyEPREYoR4HCEMFfw54AaABAg,유니,이 편 보니까 신동이 왜 필요한지 알겠음. 눈썰미가 좋고 엄청 꼼꼼함. 예를 들면 도서관에서도 쭉 보다가 이책걸이만 다르다고 말해서 김종민이 아지트 찾아낸거고 2층 준비실?에서도 맴버들은 그냥 대책없이 이렇게 하면 되겠지 말하는데  신동은 곰곰이 생각해보다가 대책을 말하는게 아니라 우리가 점프한게 있는 것 같다고 정확히 알아내서 1층으로 다시 가게했고 음료수 자판기 고장난 공간 뒤에서도 맴버들은 공진단 먹기 바쁜데 5분 뒤에 잠드는거라고 확실히 얘기해줌. 이거 이야기 안했으면 그냥 가서 부었는데 어? 왜 안 잠들지? 했을걸. 이후 스포주의(적송교도소편 결말) 그래서 적송교도소에서 신동이 없으니까 대부분은 병재가 해결이 되었는데 정확히 옆에서 이건 뭐고 이건 뭐라고 안 집으니까 카드키가 필요한데 열쇠인줄 알고 착각하고 실패한듯. 병재 혼자만 머리쓰니까 옆에서 차분히 다시 정리해줄 맴버가 필요한데 다른 맴버들은 그냥 누가 말하면 아 그렇구나 하고 딴지 안 걸고 그냥 하면 되겠다 하는 행동파쪽이라서... 신동 있었으면 백퍼 탈출했을 것 같음.,
UgwgG4uVh_DRQIJSe914AaABAg,daydrem, 피오 매너..,
UgzidJ7TA87I7064xq54AaABAg,소미,갑자기 대탈출 몰아보기 이런게 최근에 많이 나오는데 새로운 시즌 나오는거 아님?,
UgwvtapNbKBtgk7bQDl4AaABAg,띵까띵까,진짜 개 짱나는게 강호동좀 못나오게 못하냐??? 진짜 짜증ㅇ난다..,
UgzmUcBpST122AwvPNt4AaABAg,yes-ee8kl, 이거는 볼때마다 웃기네 ㅋㅋㅋㅋㅋㅋㅋ,
UgxqKt_ievXY79nTjLp4AaABAg,nongdamgom29,   도대체 뭘 넘은거냐고ㅋㅋㅋㅋㅋㅋㅋㅋㅋㅋㅋㅋㅋㅋㅋㅋㅋㅋㅋㅋㅋㅋㅋㅋ,
UgyAIyVBc1sJV5pnt954AaABAg,greed1139,무도랑 대탈출은 주기적으로 몰아봐줘야함,
UgxWTbbmyzueuqJ3ZaF4AaABAg,우동이아빠,대탈출 여러 에피소드 중에서 태양여고편이 최고 였던거 같다,
UgwRUr2WqHGUjfgZcv14AaABAg,sunbling7224,여름에 보는 대탈출 제격이다ㅋㅋㅋㅋㅋㅋ 긴 버전으로 유잼 에피들 쭉 올려주세요!!! 😆👍,
Ugw1pKlmgylAlEZ4Qzx4AaABAg,플커스,이거 촬영할때 진짜 선생님하고 학생들 별로 관심이 없던건가…?  반응이 …,
UgyfgMNJmAqjAR6jCdZ4AaABAg,HK-cg8gl, ㅋㅋㅋㅋ 여기만 계속 돌려서 멤버들 표정보면 하나하나 재밌음🤧,
Ugwf7kbTHJGIA03a0fd4AaABAg,Yuki_Nakashima0912,드디어떳다,
UgzEzBJlABsYxZ3kKSB4AaABAg,Jakeysfavoriteperson,나는 마지막 작업 시간 중 2시간을 채울 수 있는 긴 비디오를 좋아합니다 🤣,
UgwH3y6Z9UEHfDqYDR14AaABAg,조혜원,김종민만 캐비닛있는 신도생활관 위치 제대로 알고 있는데 다들 고집 피우고 안 믿어 ㅋㅋ ㅠ 유병재가 한 명이 로브 입고 나오라고 시켰는데 김종민 털리니까 변호 안해주고!,
UgxoqicR9IH5HFNXJJl4AaABAg,Skrring,앞부분 매력 말하는게 개웃긴데 그게 빠졌네..,
UgxIvCDlhHSirXCv8fl4AaABAg,정용식,이은지님 까메오로 출연하셨습니다,
UgwB6RTGgWT-IWhlQqt4AaABAg,똘,1빠!,
UgytwYtx_dFL_wnt7eh4AaABAg,라임맛사탕,영상에 나오는거 다 아는걸 보니 나도 진짜 늙었나보다ㅋㅋㅋㅋㅋ,
UgytPKgW1HdKyUDQx1t4AaABAg,DXS45,저번에 뛰어오지 말라 그래서 걸어오다 늦었네요,
Ugzu65NZjeeI4zTPuKB4AaABAg,지영박,11분전!!,
Ugw7WOTnPsnHnM4e0GZ4AaABAg,음색좋다,검 막기 진짜 오랜만이네 ㅠㅠ,
Ugy8ZT1i8hnXkg9eU7F4AaABAg,지와, 마인크래프트 연구실 보고 배웠던 기억이..  이건 모리야의 피어나는 꽃? ㅋㅋㅋ,
Ugw0r0Ld1iENVU9JZyt4AaABAg,srs3875, 그렇다면 지금은 피아로미의 양귀비?!,
Ugws0isGiOCkbmE3IQp4AaABAg,Newbnewbie123,좀만 더 늦어서 영상 모모사진이랑 등가교환 할수있었는데 아쉽다,
Ugz9Mscnj_C6WSAeh4B4AaABAg,OZIOIO,뭐야 그럼 지금 물낙법 타이밍 맞춰서 우클 점프가 아니라 그냥 아래보고 우클 광클만 해도 됨? 난 내가 물낙고수 인줄 알았는데 그냥 패치였네ㅋㅋㅋ,
UgxiVl4hYyNFWIhH93V4AaABAg,potan6727,옛날 맵 국룰 NPC 마을 폭파가 넘어가서 아쉽군요,
UgwN1gtiAS6Xfs8YE9V4AaABAg,예에에에066,오왕,
UgxmyhX5Cbqy7OPWYex4AaABAg,익명이짱,마크가 14년이나 됐다고..??,
Ugz18_VD6hYmH2bCocV4AaABAg,Thisisverussambbonghan,블럭힛 쩔고,
UgypqE6RIQjAABKgReJ4AaABAg,롸롸,이시간에 새영상,
UgypZmhQZsCXJM7lDrN4AaABAg,Scopi, 근데 원래 1칸이면 죽어야 되는게 현실적으로라면 맞지 않나? 마크인건 알아도 생각해 보니까 뭔가 좀 이상한데(?),
Ugzlif2iMWXLOiALyWV4AaABAg,TER0226,???:아직 안 늙었다고ㅋㅋㅋ(2013~),
UgxmlCwXWfzWAoVrUkB4AaABAg,nu_yeo1011, 옛날 PVP 국룰이었죠 ㅋㅋㅋㅋㅋ,
UgxOizDzvGjKwhP15KZ4AaABAg,dudwo46,169.9!,
UgxIM_-GyeC4iYeA_RB4AaABAg,user-xx5wm2ng4z,옛날에 인첸 하는데 청금석이 필요한가?,
UgykUDP8AvJ0shcoU9F4AaABAg,imJesus_,몇개는 바뀐지 몰랐음;;,
UgwrZIkt6rs2nULQaAN4AaABAg,레몬먹고싶다, 예전 버전엔 보트에 삽이 있었나?,
UgwUwq3jOx0ts3NIhdR4AaABAg,dinophone,하픽하면 1.8.9 지겹도록 즐길 수 있어요 같이해요!,
Ugx34iUHak-rtXVn9Lt4AaABAg,1day-하루,공속을 없애려면 번역을 포기하면 됩니다,
Ugxno_0neHKPgpLBalB4AaABAg,박비,와 3분전,
Ugy5yWTCdLBVf6CyTjF4AaABAg,Pig-찌개,170은 막는걸 아주 잘하죠. 물론 마크 고인물이기도 하죠!,
Ugz25WCWFbTxLPuk-Xl4AaABAg,Love_yj-J,그때가 좋았지...,
UgypgOrP5oinay41ZZ94AaABAg,heo_su,Pvp유저는 익숙한 검막기...,
UgyGfYaUZ_qAv8UpeNl4AaABAg,Cute_P1g,검으로 막기 다시 내놔,
UgzstMxGp7IWN9n2fY94AaABAg,지디빽,저때 낭만 지렸지 ㅠ,
UgyUsZTeywSw_1boM3N4AaABAg,ise7548,늙병마,
Ugx7qjwuw3klKpUrFEV4AaABAg,17_Destiny,하얀색 양털 침대 조합법에서 빨간색 침대 나오는 거 보고 이상함을 못느끼다가 자막보고 아~… 함 ㅋㅋㅋㅋㅋㅋㅋㅋ,
UgzJFe_Ocd4NEWOw4i14AaABAg,imJesus_,배댓예상  와 이거 추억이네ㅋㅋ(이때 안 해봄),
Ugz0Eu_ENNJdW4QQKeZ4AaABAg,지와, 이건 방패에 검 텍스쳐 씌운건가..? 고수분들 도와줘요,
Ugzyk4EAuZtbV_ZWFet4AaABAg,Silverain,진짜 그 시절 추억은 못이기는 것 같네요. ㅎㅎ,
UgxBgALUuyXh85ksF9t4AaABAg,tvddd435,조회수 256은 귀하다;;,
UgzP4f4cNkU0zpQPlV14AaABAg,로블왕국팬,와 진짜 오랜만이다... 그립네,
UgzFvh4onj5feNWAh-d4AaABAg,하누륑,조회수 169 머선일이가,
UgzmSAw7AWtaTeEUMHR4AaABAg,김현진,159조회수 귀하다,
UgxB_hBC3MVhkLYl85d4AaABAg,슈퍼갸라도스,진짜 옛날옛적에 나올거같은 애들이네 ㅋㅋ,
UgzzNOSFHGE5NzLOaUp4AaABAg,킴쵸루,169view,
UgwKUonqo8h-a9tKszB4AaABAg,wtf,오,
Ugy9qutuAbiKXj1zCCh4AaABAg,헬로하세용,누구보다빠르게 영상 감사해여,
Ugyntj4z9b4YKEnvBc14AaABAg,flower-7070,추억의 마크 그립당ㅠ,
Ugx0WixrsVLQN5wBRxF4AaABAg,이드가_eid_ga,와 검 막기 와 그시절 와 뭐하지,
UgyzYLIspeBGs7R9m094AaABAg,Ture777,와 18초,
UgwwZyZV5HQ6F4wVuQN4AaABAg,10_stud,검 먹기ㅋㅋ,
UgzDOWGL5nCACjZUd594AaABAg,버터구이오징어,추억인데 ㄹㅇ,
UgxMv0H7AY3ZIk2W31l4AaABAg,life,17초 전,
Ugx0w4LnhlFsBAd4Tx94AaABAg,iwanna_go_home,으아닛 검 막기 ㅋㅋㅋㅋㅋㅋㅋㅋ,
Ugw1bMkmtJH80PuGqmh4AaABAg,시험이_싫은_1인,셋홈 칼막기 이란거 다시 만들어줘라 모장 이상한 바이옴 말고,
Ugx7_RbjOvK5FAQruX14AaABAg,ItsJanuaryNow_2025,늙은 마인크래프트 ㅋㅋㅋㅋ,
UgyxD4fUOflYZwH_L5x4AaABAg,이진뷋입니다,1,
Ugxu3NPCMu0pP7cy2GB4AaABAg,YouTube_roa,10초전!오늘도 영상 감사합니다,
Ugw2qyKYOGQnnxv-YhV4AaABAg,judassst9319,와우 저거 진짜오랜만에 본다!!,
UgxBNFwzO6iSoGpXlnB4AaABAg,white0615,칼 저거 예전에 하픽 할때 많이 봤는데,
UgxNqSn6UdTZzgYW3D14AaABAg,cream-wltjd3,몇초전 영상!!,
UgzcZb17SfzhHDu9wKR4AaABAg,kabek0208,썸네일부터 근본이 넘치네,
UgzqyX_6MLJ8GWDXOlp4AaABAg,cream-wltjd3,와..,
UgyumQBWAJ1bibHFW1J4AaABAg,wooahae12,오오,
UgzlAmzeCQ_DdJw-CaB4AaABAg,게임TV,다들 왜 이렇게 빨라?,
UgwmS0TQ2SMq_cVP8gd4AaABAg,유성,언제부턴가 업로드 시간이 초심을 찾아감,
UgzQmXzut-rLaeuYbWd4AaABAg,jw-jf4fb,28초전😮,
Ugxs50VpSjl3NwKv8QJ4AaABAg,달달홍시,그것은 놀라운!,
UgycqUcd1HPUqDhkU4R4AaABAg,bluebear10,😮,
UgzmahhUxq5nv2mfSTB4AaABAg,stand_user_,방패가 없던 시절의 범부여...,
UgybX_RYbQWippXRsBh4AaABAg,gyusi,따끈따끈,
UgwvQIVFsjGaPUXJOZp4AaABAg,러블리솜,조회수없음귀하다,
UgzDJgB43R688sUUD7h4AaABAg,모롤,제목부터 신기하네,
Ugx12_agjxWUvlp3CLt4AaABAg,안살이,와 온몸에 전율이.... 너무 옛기억이 떠오름..,
Ugzo7Kj0k2nx608sjbN4AaABAg,도형1015,ㅋㅋㅋㅋㅋ,
UgxL6sfYncjvyv42PFV4AaABAg,pepmint12, 그럼 마플님 나이가 도대체...?,
UgxK7YIgC3DotF0DMoB4AaABAg,태훈,니니님 어깨진짜 미쳣네 기대고싶다,
UgxXVXXgVkAqsedvk7J4AaABAg,polelaw,정통 애널(써...ㅋ...) 리스트 알상무님 ㅋㅋㅋㅋ 진짜 광기 너무 웃겨,
UgxwfhazmHHHGVvS2dR4AaABAg,davidbeckham1111,알상무님 살 웰케 빠짐ㅋㅋ 아무리 혈압 관리한다해도 넘 빠진거같은데,
UgzrzYBQ2xbktuYHgzx4AaABAg,송승욱,알포인트 없으니까 안챙겨봄,
UgxeP8YQnNbhtm_DIit4AaABAg,소연신,사이트를 만든다고? 뉴클리어 런치디텍티드,
UgzXmJ5rGZoj0f0-Q154AaABAg,nearlhenro,채팅창 개 웃긴게.. MACD부터 RSI  볼린져  일목산인까지. 다들 각자 '난 이것만 봄'  '이게 제일 잘 맞음' 하는 사람들이 다 있음 ㅋㅋㅋㅋㅋㅋㅋ,
Ugw_wBPj9cMWCsZQzqd4AaABAg,jamie-us1sv,니니 자존감이 너무 높아,
UgzhIt2yateocVBnYnB4AaABAg,박시현,메리츠 smart 어플 맞나요? 하반기 쯤에나 개설하고 투자할까 하는데  365 계좌라고만 하지 mts 어플 이름은 안 나와서...,
UgwKEu1hHS0c-uygXPp4AaABAg,slowhorses,알상무 안경 어디꺼임? 린드버그?,
UgwSc7HlbNPiH7fb7L14AaABAg,ABCD1E2D3CDE,비데 성능 확실하내 ~~,
UgzjjT6vYHNED1B63v54AaABAg,StorySocialnScience,역시 갓경,
UgwXfbuStN25-Bghb5x4AaABAg,연금받자,미쳤다!!!! ㅋㅋㅋㅋ,
UgwAzBH687efDca2VD94AaABAg,hhhhhhhoot,슈카형 안경은 똑같은데 면도날 같던 턱선은 어디로😂,
UgwJryJC88hJJjxtnM14AaABAg,신한빈,직원은 지금 ㅋㅋㅋㅋㅋㅋㅋ 진짜 저 배경 만드는 분 위험수당 챙겨줘야한다 ㅋㅋㅋㅋ 감초마냥 선 타기 달인이시네,
UgwT03-PIbMXBUEXj5J4AaABAg,cha, 사대주의알상무 ㅋㅋㅋ 통일신라 이후로 통치체계는 정비됐고 사람들끼리 칼 잡을일 없고 외적침입시 수성(수비)위주로 전투해서 영화에선 그렇게보이는거죠ㅎㅋ  실제론 (말을 많이 데려감에도) 조선초엔 기병전술이 많았고 후기로 갈수록 조총같은 화약무기쓰면서 보병의 필요성을 느꼈다네요,
UgwBave11FFVWnNtwON4AaABAg,크롱크롱,슈카님 얼굴볼때 마다  왜 내동생이 저기 있지 할정도로 닮음  흠짓흠짓함 썸넬 안경 완전 존똑,
UgzhfGNGzx3mJhFWQJt4AaABAg,eungong9797,스피어드래곤 비어천가는 오늘도 계속됩니다,
UgxhhKgYSlQI_Vk1TMR4AaABAg,극민장,유튜브에서 제일 재밌음,
UgxWdc589864xoQIynF4AaABAg,kitit6858,비데1황... 알렉스 더 "애널"리스트,
UgwitnmrzHtf64vVscV4AaABAg,astronaut10,니황ㅇㅈㄹㅋㅋㅋㅋㅋㅋㅋㅋㅋㅋ😂,
UgwA-xXS7kL1M99eD5Z4AaABAg,AskCoco,극우 알상무,
UgydDOND_uuBjlAxBRd4AaABAg,piritomato,니니 옷이 갈수록 비싸진당,
UgwifUuSI89EmRFI_OV4AaABAg,gjh4109,이창용 총재 훌륭한 분 맞음  한국은행 유투브 구독,
UgwCUHdlF-3h5jQPrJZ4AaABAg,ChoongseokLee-sd3tk,ㄴ1 황,
UgxT9ppcl2Sp90ijGtF4AaABAg,USER_5959,한은도 f4거린거보면 정상은 아닌듯,
UgyVpn70khIvrRbosGZ4AaABAg,noblesse_kr,알상무 : (슈카월드) 자기도 안봐~ ㅋㅋㅋㅋㅋㅋ,
UgzDXvQG5EMqIDlmq0N4AaABAg,wurismalltalk,이거 저장해 놓고 웃고 싶을 때 봐야지,
UgyW67YqLCMRWDV88Id4AaABAg,ihatedsbr,썸네일 인물들 니황 미만 잡인듯,
UgyBI6r_JVMSFwvRnP94AaABAg,AKAMr734,알상무 얘기할 때 좀 듣고싶어요...다 듣고 조롱하던지..집중이 안될정도,
UgxNQqtOblmsPDqDvtx4AaABAg,duhyeonyoon8959,내 계좌는 홀로 공황 내 정신은 이미 공황홀로 격는 나만의 작은 불황😢,
UgwrmKn7LIBRljnfDPV4AaABAg,user-sjfhejdjanakdj,오늘 웃기기로는 코믹스 사상 최고였슴.ㅋㅋㅋㅋㅋㅋㅋㅋㅋㅋㅋㅋㅋㅋㅋㅋㅋㅋㅋㅋㅋㅋㅋㅋㅋㅋㅋㅋㅋ,
UgwsmO64U1RyJNq_U114AaABAg,globchi,페이커를 빼다니...,
Ugwva_64bvXMatZvHb14AaABAg,dohkim82,알뉴스 진짜 미칩니다 ㅎㅎㅎ,
Ugy67dAV1ih3cSXIChp4AaABAg,user-sjfhejdjanakdj,비데1황 누가 지었어 빨리 나와.ㅋㅋㅋㅋㅋㅋㅋㅋㅋㅋㅋㅋㅋㅋㅋㅋㅋㅋㅋㅋㅋㅋㅋㅋㅋㅋㅋㅋㅋㅋㅋㅋㅋㅋㅋㅋㅋ,
UgyhwPf72q8ETjkY5Md4AaABAg,_____ani,찐광기앞에 모두가 배찢어진 날 ㅋㅋㅋㅋㅋㅋㅋ,
UgwEo1nomlOlgpMDC3h4AaABAg,xghggjhc,역시 떡상하는 곳은 감이 좋네요,
Ugw5X4QVxGL79Rs1bqV4AaABAg,ggffftj,니니 연봉 2.4억 폼 미쳤다 ....,
UgznA-dmhWsjX06ynVV4AaABAg,청년개미,연차쓰고 싸인받으러가면 해주나요?,
UgwAbr2jgz5-JXTplgl4AaABAg,winston-em7vo,  고향이 의심되는 리니 ㄷㄷ   ??? : 아직도 안샀나? ??? : 비트 주세요,
UgwEhdaC9zJ7fpq-2TF4AaABAg,김한,역시 자네야,
UgwJFBT41IVGaxPboSl4AaABAg,이유나,아 오늘 월요일이지,
UgyLVdv7iTin4BibS5B4AaABAg,타피,메리츠 항상 감사합니다 발레리 아이씨도 감사합니다,
UgzUhkGzKpQXMxMFuOt4AaABAg,나현서, 창드래곤 팬클럽 광기,
Ugyqf1fhLAH-rFrHkZJ4AaABAg,Rae-kd6vq,ㅋㅋㅋㅋㅋㅋㅋㅋㅋㅋㅋㅋㅋㅋㅋㅋㅋㅋㅋㅋㅋㅋㅋㅋㅋㅋㅋㅋㅋㅋㅋㅋㅋㅋㅋㅋ 알상무 마지막 매드무비 현웃 엄청 웃었습니다 ㅋㅋㅋㅋㅋㅋㅋㅋㅋㅋㅋㅋㅋㅋㅋㅋㅋㅋㅋㅋㅋㅋㅋㅋㅋㅋㅋㅋㅋㅋㅋㅋㅋㅋㅋㅋㅋㅋㅋㅋㅋㅋㅋㅋㅋㅋㅋㅋㅋㅋㅋㅋㅋㅋㅋㅋㅋㅋㅋㅋㅋㅋㅋㅋㅋㅋㅋㅋㅋㅋㅋㅋㅋㅋㅋㅋㅋㅋㅋ,
UgzmDEemaSTObw3vtZh4AaABAg,imimoc,창용이 나르샤 ㅋㅋㅋ,
UgwkuJmsMOuD48eUtMh4AaABAg,Ska,요새 주식은지금의 도파민에 절여졌나봐 슈카 본계영상은 자극이 부족해서 점점 안챙겨보게됨..,
UgyKf3GJRZzFI0YsckR4AaABAg,youryour09life, 주총꾼 시절 슈카 등장,
Ugyj1LVZjrkbaP2_2MZ4AaABAg,sexmaster,과연 광고 텐션 영상은 귀하죠.,
UgzZa5oB4Dt9yli9QmB4AaABAg,점박이도련님,안경은 지금,
Ugwo50j4CYX5wJQro5Z4AaABAg,equipment8282,니니 님 오늘 왜케 어깨 넓어 보이나요? 카메라 앵글이 이상해요~~~ㅎㅎ,
UgwjLoUkW4IRkgVapHt4AaABAg,secretaccount7369,비데 존나웃기네 ㅋㅋㅋ,
Ugwv4WobWpSf7FBf7T14AaABAg,김담담,니황 어깨 진짜 경이롭네,
Ugz7qNgaiBqRuZfmz6t4AaABAg,김운석,감사합니다,
UgxpsIprNY2nYfEYdV94AaABAg,cardwish5163,안경은 지금,
UgygIVum0mKrs4KMN7F4AaABAg,p.854,아 오늘 알상무님 최고였닼ㅋㅋㅋㅋㅋㅋㅋㅋㅋㅋㅋㅋㅋㅋㅋㅋㅋㅋㅋㅋㅋㅋㅋㅋㅋㅋㅋㅋㅋㅋㅋㅋㅋㅋㅋㅋㅋㅋㅋㅋㅋㅋㅋㅋㅋㅋㅋㅋㅋㅋㅋㅋㅋㅋㅋㅋㅋㅋㅋㅋㅋㅋㅋㅋㅋㅋㅋㅋㅋㅋㅋㅋ창용 덕후 ㅋㅋㅋㅋㅋㅋㅋㅋㅋㅋㅋㅋㅋㅋㅋㅋㅋㅋㅋㅋㅋㅋㅋㅌㅌ 슈카님 안경은 가치가 없는 안경 ㅌㅌㅌㅌㅌㅋㅋㅋㅋㅋㅋㅋㅋㅋㅋㅋㅋㅋㅋㅋㅋㅋㅋㅋㅋㅋㅋㅋㅋㅋㅋㅋㅋ,
Ugzr3R6nfl2SdTxgU9p4AaABAg,파트라쓔, 니황은 바로 알아듣고 슈카님만 무슨 드립인지 못알아먹음 ㅋㅋㅋㅋㅋㅋㅋ,
Ugwabth2onWnpnoaF-V4AaABAg,drunkenkimc,ㅋㅋㅋㅋㅋ "애널"리스트가 비데인지는 몰랐다구,
Ugyq65fctRbuVzMVUFl4AaABAg,7shiningstar205, 예전 안경 쓴 슈카형 모습에서 진심 옛날 꿀잼이였던 슈카 형이 보이면서 더 그리워졌다.  형 옛날 그 때의 슈카로 돌아오면 안되나요??????,
UgyjiHsSDrqdkiuUdsB4AaABAg,luvmisfit6803, 하늘이 내리신 이때부터 같이 떼굴떼굴 크캬캬캬캬캬 미치겠뜨아 알상무님 넘 커엽🤣🤣🤣🤣🤣🤣🤣🤣,
UgwXZ8KMj_uyium05014AaABAg,brandlee5089, 초창기 슈카 리뉴얼 짤❤❤❤,
UgwVnfbYNYAuwiaNJvF4AaABAg,user-yuksi-JaNe-ya,알상무님 용의 안경은 있는데 목의 안경은 왜 없죠? ㅋㅋㅋ,
UgwmpN1FFHaPSyMmlcB4AaABAg,도토,알상무 국회의원 보좌관 발탁시 낼 정책들 - 국민연금 포트폴리오에 코스피 인버스 2배 레버리지 포함 - 24시간 열리는 감자팅집 같은 국장 - 각 집마다 (남의집 안됨) 일정 달러 보유 의무화 - 모든 국립 도서관에 일본 만화책 구비 및 서울대학교 권장도서에 포함 - 모든 학생들은 슈카 친구들 다이어리 필수구매,
UgzgwnVkBKa8YDExUnd4AaABAg,남상문,넥타이는 분석안하시나요??  넥타이랑 양복색상 브랜드가  더 민감할거같은데,
UgyDEQbou3ux9yQiDAN4AaABAg,그림영상,애널 리스트 ㅋㅋㅋㅋㅋ,
Ugz1AX4lgh1d7cKsSQ14AaABAg,Sjvien, 드디어 일목균형표 강의 !!!!!,
UgyJb3pEk156WtS3iuF4AaABAg,Daehwangnini,안경니니❤️,
Ugx5PvYt5txgg3IoAUR4AaABAg,도형누나,니니언니 안경너무 잘 어울려요😎🕶️,
Ugz5DMbskOWY8ehSR6p4AaABAg,dohyunkim9003,니황 셔츠 이쁘네요.,
Ugzyzd10-9JJ-nN5Yml4AaABAg,정광호,이젠 영상에 유료광고포함 보일때  제가 더 신납니다,
UgwYAyRDs_AFIgNn9P94AaABAg,ChoiGuard,내 살다 살다 총재님덕후는 처음보내 ㅋㅋㅋㅋㅋㅋㅋ,
UgwjHth33SMupEPxJJB4AaABAg,문학소년알상무-w2,새삼 알포인트 없는 주식은 지금은 뭔가 허전하네요 알포인트가 주식은지금의 꽃이였는데….. 알포인트 다시 부활좀요 제발 2주에 한번씩이라도.. 아니 1달에 한번씩만이라도 난 알동무의 인사이트가 담긴 알레고리가 다시 보고싶단 말이오…. 이제브터 카운트 새겠습니다 알포인트 부활 1일차,
Ugw42_H9Bpm9H_tsOqB4AaABAg,01youngil,메리츠 증권 링크가 없네요? 고정댓글이나 더보기란에 링크 넣어줄 만도 한데요. 가입 추천인란 혹은 가입자 링크 넣도록 해서  링크 타고 가입 혹은 추천인 슈카코믹스 들어간 만큼 수수료 받아도 될 텐데요.  테슬라도 추천인 코드로 마케팅 하던 것 같던데요.,
UgxjN3vcJLUNbm9Qg4N4AaABAg,yuyutwo8747,광고주님께서 나의 무한도전을 운영해 주신다!!🎉🎉 감사합니다 주님들!!❤,
UgymQW2yjNDyQ9FLy7l4AaABAg,tears0306,알상무는 역시 급이다름 나작총 나의 작은 총재님❤,
UgzR_6EJU_w7JJyET214AaABAg,자유리루리루,❗️(Holy tube) 간 큰 이야기❗️ 이거 꼭 한 번 찾아보세요,
Ugzo1B1H7t8kDZReaVF4AaABAg,행주, 천자 창드래곤 ㄷㄷ,
Ugw4GgNyQmOrlOPqBtB4AaABAg,tlsdydwls5,유튜버 1황 슈카 폼 미쳤다,
UgxvI8LzzO623DS_0eN4AaABAg,Yagujoaham,썸네일에 “젠슨 황”까지 있었으면 완성 아님?,
UgzNFRYSYYr8T9KiM7h4AaABAg,lim_design,니니누나 셔츠 정보좀..,
Ugy035jiAf8CHfehKrd4AaABAg,falcomkemi,'유료광고포함',
UgykF-PP9zFbPMx-dSN4AaABAg,빵테온빵집, 미국 9대 대통령인 해리슨은 비 오는 날 연설 길게 하다가 한 달 뒤 폐렴으로 사망했습니다,
UgxhKHa1XsRfwd28PJ14AaABAg,somblanket,상상도 못한 안경 애널...,
UgworYD3iLrnY2jgWJd4AaABAg,조이,유료광고 회사폼 미쳤다! 메리츠자너!!! 슈황님 페이커 안경도 언급해주시죠,
UgzZCytptcVhhiC7_dt4AaABAg,개굴개구리,비데 1황 ㄷㄷㄷ,
UgxHMO7cogyfr8FVS4B4AaABAg,zigom,안경빌드업 진짴ㅋㅋㅋㅋㅋㅋㅋㅋ,
UgzyAQqyGvtGKZqWn1R4AaABAg,KUMA-xe3tw,오늘 알상무님 차트분석시간 넘 재밌었습니다ㅎㅎ그리고 알상무님이 가져온 약간 정신없는 구름때  선그어놓은 차트들 (가다마이입은)슈사장님이 본업모먼트로 딱 요약 정리해줄때 넘멋짐ㅋㅋ,
UgxzSg9bVH71rcx9kpR4AaABAg,이박사,❤❤❤❤,
Ugy8xFAib8CrypGc0I94AaABAg,_dayfeeling, 사실 모든건 일목균형표를 설명하기 위한 알상무님의 빌드업 ㅋㅋㅋㅋㅋㅋㅋㅋㅋ 사람이 너무 투명해 ㅋㅋㅋㅋ,
UgxoWUIAbJCFdAgc4c54AaABAg,우윳빛깔전슈카,1시간만에!! 편집 속도 ㅎㄷㄷ,
Ugxm5Vw2ov2KvlsD75l4AaABAg,shieleeeee,떴다 내 자장가,
Ugw7J9w12zSxdCzwJM14AaABAg,Cibal_T_ya,니니누나 앞으로 구닥다리 네이버 증권 차트말고 메리츠증권 차트 좀 갖고오자ㅋㅋ,
UgwCE9700Y2ASUW-uXJ4AaABAg,썬플라워,ㅋ ㅑ~ 니황 봐라~ 수식어 필요 없따~저스트 [니황],
UgwJ5neTjgeSTmfxMpd4AaABAg,아네모네,창드래곤 안경 분석은 귀하네요,
UgxP8ox7AS9Vs4BMELR4AaABAg,forestnemus,다비치 안경 광고 수주 노림수였나?,
UgzFtdZ7p4ElS0WzsFR4AaABAg,Mässan_Äguccim,커뮤에서 무슨 서부지법 소란 언급 안했다고 또 까이고 있던데 슈카형 정치발언 절대 하지마.. 행여 알아도 눈 딱 감고 모른다고 해. 괜히 뭐 말했다가 대세 한번 바뀌면 그때부턴 평생 씹히는거임..,
Ugwm_FGqHNuXcNkht8F4AaABAg,El0nMask,슈카님 금요일엔 썸넬에서 쓰고있는 안경 쓰고 와주세요!! 주총꾼 느낌나게 ㅎㅎ,
Ugy4DnsfsJzJNLbLg-94AaABAg,UNTOUCHABLEGOAT, 유인나 = 니니,
UgynX5MBGku47DaNUCZ4AaABAg,1a_.37,안경 광고 노리시는 건가요?ㅋㅋㅋㅋ,
UgwtKjPgHlUabkMvSD14AaABAg,harr2222,와 빠르당,
UgzDYk63XG-UH4pOTl54AaABAg,엔딩,❤❤❤,
UgxFBZvqgxQxyup0ShZ4AaABAg,9reum9,다들 너무 사랑합니다❤❤❤❤❤,
UgwRDrjcw-7mMDEyhOJ4AaABAg,thanatomakia,니황이 저 라인업 중 최강이네,
UgwoWZ_6eS6EcKvwwsV4AaABAg,광기의준스톤팬,안경 니황 만세,
Ugw8rhlBV5RQvF8jpzt4AaABAg,9Corgi,ㅎㅈ!,
UgznTHpUUZpQeeP6Zp54AaABAg,shyoon6151,오오,
Ugw3nE_Cjfw4jJ_q_xJ4AaABAg,SCOUT,1뷰는 귀하군요,
Ugxa-Tfp_X8CJUUB4e54AaABAg,Daymaru,빠르다 빨라.. PD들 삼류전자에 물렸니?,
UgyOxL6dumjVZpMwiKV4AaABAg,Kcia69,이제 유튜버 1황 말고 경제 정책 1황도 한번 드가자,
UgyVKWldQTATfyEmkax4AaABAg,제발로또1등,오!!!!!!!,
UgxheNJbsJne4ds1ayh4AaABAg,샴푸,와,
UgxWb2uyN7x9tkOa1q14AaABAg,apro1363,오징어게임이 벌어지고 있는 비밀스런 섬에 살고 있는 요괴는 진행요원을 홀려 싱싱한 간을 공양받는다. 간을 먹으면 먹을수록 요괴는 젊음을 유지할 수 있다.  화려한 미모를 앞세운 요괴는 오징어게임 VIP들을 홀려 타인의 고통과 죽음을 즐기도록 한다. 수 천 년 전 도망치듯 바다를 건너서 이 섬에 도착했던 요괴는 한때  '달기'라는 이름으로 불렸었다고도 한다.  은나라 '주왕'으로도 알려져 있는 상나라 29대 왕 '제신'을 홀려 '포락지형'의 지옥도를 즐겼던 달기는  부질없는 희망에 홀려 서로 죽고 죽이는 '오징어게임' 속 지옥도를 바라보며 웃음을 참지 못한다. '인간이란 미물은 수 천 년이 지나도록 한결 같구나.' 그러한 지옥도를 그치게 하려고 제신의 숙부이자 성인으로 당대에 추앙받던 '비간'이 충심어린 간언을 하자 달기는 '비간'을 내려다보며 성인의 심장은 구멍이 7개라는데 진짜로 그런지 확인해봐야 하지 않겠냐며 왕을 부추겼다. 달기는  오징어게임 참가자들 중 행여 그때의 '비간'처럼 입바른 소리를 하는 이가 있거든 그 참가번호를 기억해뒀다가 그가 죽었을 때 혹은 죽어가고 있을 때 심장을 파내어 심장의 구멍이 몇 개인지 확인을 해보곤 한다. 인간의 심장이란 폐정맥 4  폐동맥 1  대동맥 1  대정맥 2 이렇게 8개의 구멍이 나있다. 그것은 수 천 년 전 상나라 사람이나 지금의 오징어게임 참가자나 별다른 차이점이 없었다.,
Ugwi2ux6qVoswdv4OCR4AaABAg,bbockHY,이 아이디어 가지고 3편에 죽어가는 사람 승압제 써서 이식장면까지 넣는다면 아주그냥 강렬하고 흥미로울 것 같군요😮,
UgyLU9hH24FG6_urfIt4AaABAg,날이,건 정도는 때다 팔 수 있을텐데. 그건 돈이 안되려나,
UgyvR7fxEhlb0snRI6F4AaABAg,칼카니푸부,다음에 그 의사분 초대 가시죠,
UgwNqws_S3a4hqTVJQh4AaABAg,Zoa-pd7dk,다리에 쏘고 데리고 가는데 얘들은 보지도 않고 리뷰하네,
UgxE034wAo61Sphk8GJ4AaABAg,hoi9908,수상할 정도로 불법장기매매 가격을 알고 있는 이 선생님😂,
Ugx6T3OJllxAonhrl0N4AaABAg,ybl7676,너무 재밌어요❤,
UgwDMJJZIso_1hVbiWV4AaABAg,MSpirit,이게 제가 오징어게임 보면서 항상 생각했던 점 이었습니다. 궁금했었는데 잘 이해했습니다.,
UgxIJQqr9V7WwsTJ57t4AaABAg,Jihoon933,덜 죽은사람 ㅋㅋㅋ,
UgxHcmad5tEcvTup0DB4AaABAg,토마토스튜, 남궁 형이 그걸 어찌 아시오?,
Ugw5XZ6s30Yiemo5Ct94AaABAg,Vm.1,낙준쌤 멀리 안나가요~~,
Ugw-8PwRnitW5Xrdc7l4AaABAg,luansen0,만약에 선생님께서 그런 상황이고 없는 가능성에도 수술을 감행해야 한다면.. 브로커에게 얼마까지 알아보고 수술들어가실 건가요? 질문이 너무 이상한가?,
Ugwn2qt11odKH3Dc1594AaABAg,임세아,역시 드라마는 드라마인것으로 ㅋㅋ 재밌네용~~~,
UgwNFkfsn0ASYyGKh3t4AaABAg,AV-8Bplus_Harrier_II,마취도 없이 곧 죽을 사람 배 가르는 거 나왔다면 더 흥미롭긴 했겠 엌ㅋㅋ,
Ugy6C6aci_KIM0OXiP14AaABAg,elj4516,어우...그럼 기증자는 마취도 없이 의식은 있는데 소리도 못내고 배 갈리는 통증하고 소리 다듣고 자기 장기 꺼내지는걸 직접 눈으로 보고 죽는건가요?ㄷㄷ...,
UgyZhjBd9ddOg1Upaud4AaABAg,보라_0912,1.어차피 죽을거니까 마취안한닼ㅋㅋ 2.혈압올라가는데 교감신경이중요하닼ㅋㅋㅋ,
UgwOdVttGsyE3Q4iSkl4AaABAg,미진구,신기해요 ㅋㅋㅋㅋㅋ,
UgwP80X758Lfx4OBGFp4AaABAg,TheEdel-kx6mj,뱅드림 마이고와 아베 무지카를 정신의학적 관점으로 해석해 주실 수 있나요?,
Ugz-_yUFjQiVrTrsu2p4AaABAg,KSM0716,진짜 의학유튜버 1황이다..,
Ugz21P3tFwXtB6qyhZd4AaABAg,since_route,이런 전문성 있는 tmi 분석 너무 좋다.. 이걸 어떻게 클릭을 안해요,
UgzgW-PBiIMk9G2U2Ix4AaABAg,user-iw6yt9hj7j,ㅋㅋㅋ 정말 도움되는 영상이었네요 감사합니다,
UgyWYNoHia61TDnF61V4AaABAg,보라아이리스,우창윤쌤이 말씀하신 혈압 올리는데 가장 좋은건 교감신경이라 하신 부분 부연설명 가능하실까요? 제가 커피를 마시면 뭔가 팔다리 끝부분이 뻣뻣해지고 피부 밑에 부분이 약간 팽창하는거(?) 같은 기분이 드는데(원래는 커피를 달고 살았는데~ㅠㅠ) 혈압이 높아지는거 같은 느낌이라서요~ㅠㅠ,
Ugw7_cBstB1JJipd0cV4AaABAg,Thebattleofsalsu,각막 가격 아는 의사 겸 소설가 !!!! ㅋㅋㅋㅋㅋㅋㅋㅋㅋㅋㅋㅋㅋㅋㅋㅋㅋㅋㅋ,
UgxqJ4CTqYE-z-6kaKx4AaABAg,고흐,각막은 값이 안비싸댘ㅋㅋㅋㅋㅋㅋㅋㅋㅋ,
UgzKbTZQ7KUhBteo-UF4AaABAg,Magnusen_Jr,인공 장기 역사(?)도 궁금해요! 함번 다루어주시면 크나큰 영광 xD,
UgxWSDXSzamjN2VtJyB4AaABAg,235TV,와... 마취를 안하고 ㅠㅠㅠ 근데 이미 쇼크먹은 상태라 모르려나 .. 😢,
UgwjYBt0VkfWggN0AgZ4AaABAg,정인성,식용(?) 일 수도 있지..,
UgyY_4jvAM3DzFSXvTx4AaABAg,HATTTE,미치겠다 ㅋㅋㅋㅋㅋ 죽을거니 마취를 안하겠대 ㅠㅠㅠ,
UgzYufwv7i1EgIQKD854AaABAg,Jun09190,장기 이식이 실제로는 불가능 한거였군요,
Ugx6QyKu6eAFEbIMGrR4AaABAg,Jun09190,오징어 게임 시리즈 너무 재밌어요ㅋㅋ,
UgyfUJlcrct4JHOY5SF4AaABAg,Jun09190,12분 전이다!!,
UgxuU2W-tFToD8oRam94AaABAg,Jun09190,오징어 게임2 시리즈 너무 재밌네요ㅋㄱㅋㄱㅋㄱ,
UgxortwMUQVm7qNB-8p4AaABAg,thekra_pc7bx,재밌다ㅋㅎㅋㅎ,
UgxWpibsifB0nXc9-Vd4AaABAg,user-sn7qm9yl2i,꺅 의사선생님들이 하는 오겜 얘기 너무 조아여,
UgwDKXo7HZQ-29alXAJ4AaABAg,hayeonkim7838,오늘도 언제나처럼 어김없이 정말 유익하고 도움되는 정보 영상 많이 감사합니다 ㅎㅎ,
Ugx9XYqqneSaYeszqUt4AaABAg,윤희,이거 궁금헸눈디 ㅎㅎ 감사합니다,
UgwlZDf25I9_kbfyvpl4AaABAg,TV-rs4ci,각막은 비싸지 않다 화긴ㅋㅋㅋ,
Ugwlkp5smiIzGaTm8Kx4AaABAg,인절미,마이 뷰티 플라워,
UgyRXsnT94pua9FofKF4AaABAg,춘배랑나랑,갓 올라온 따끈한 영상이네요,
UgwLA_jhAcKePl15IxB4AaABAg,최김정우성해식철인,오 빨리왔다,
Ugxuh0o2N4XWV-dRSzt4AaABAg,user-ug1nl9os1x,내가 1번이라니 ㅎ,
UgxhDb4oKYZzdaGPALp4AaABAg,주말E팬,주술을 잘하시게 생겼다,
UgzIoOH1od7vIWx3eYZ4AaABAg,eseong9902,원피스 패왕색 충돌일어난거네 이제 슬 결말 날려고 하는건가?,
UgxPsbmjd_pJTCorKJR4AaABAg,Ultimate-19금-보관,드루이드 인줄 알았어요 ㅋㅋㅋ 들..어..와..내채 널 ,
UgxsnIHbAbtJKQtjoZV4AaABAg,Ultimate-19금-보관,드루이드 인줄 알았어요 ㅋㅋㅋ  (사..진....혼댜만있을때눌...러ㅋ),
UgzrdVuqhRwVh-eAbCF4AaABAg,Ultimate-19금-보관,드루이드 인줄 알았어요 ㅋㅋㅋ,
UgxHqd9lDh7p6mDzDQ54AaABAg,guyver_aptom,마데자루를 뒤집어 썼냐???,
UgxdDmsGrM8RicSivft4AaABAg,박영식,존경스러운 분,
UgxfvhgxKA5KNtZZuYJ4AaABAg,ChrisTennis,번개 에너지를 모아서 사용할 가능성은 없나요?,
Ugy4ugqlkeIwxER4y-B4AaABAg,jiyoungshin6696,진짜 모든 분야를 이해할 수 있게 설명해 주십니다~ 꼭 필요한 분이세요~😊,
UgxWpGEFwBtbvZtVdN54AaABAg,a1ove9981,번개가 많은 지역에선 번개로 전기 저장도 가능한건가요?  궁금합니다,
UgzmB5UmuWWS42qn-LF4AaABAg,순이우주로,모자는 테무에서 사셨나요?,
Ugxpezgnr730v4DZoR54AaABAg,i.o멜랑콜리, 저는 약 25년 전 강화도가 배로만 들어갈 수 있었을 때 해변가에서 봤습니다. 해가 거의 다 저물어서 바다가 점점 어두워지는데 바다 위의 아주 먼 곳?에서 얼마나 지속되었는지 기억이 잘 안나지만 1분 이상은 나타나더라고요 소리도 없고 아주 고요헀습니다. 멀어서 그랬을까요? 이 광경을 목격한 저는 그걸 주변인들에게 말해줘도 아무도 믿지 않았습니다...,
UgxzBV4CfVMfVUH4Vy94AaABAg,oh3855,우주번개라고.. 지구에서 우주로 뻗는 번개는?,
UgxW97NJOXJeE_HUylF4AaABAg,user-le4zu2lf5u,썸네일 때문에 들어옴ㅋㅋㅋㅋ,
UgzJ3DqF2pJsyC2oG6J4AaABAg,banybany1,과학계 만물박사 3명 이정모 장홍제 권석준,
UgwdO2u5RQEgvY1nO8Z4AaABAg,janemoon97,모자밖에 안보이네,
UgxmEPpU01-R_nFFrn94AaABAg,wooneTT,저 모자는 누군가 직접 뜨신 겁니다. 어떻게 알고 있냐면 내가 보라색계열 검은색계열 실로 저 모자를 떠봤기 때문이지,
UgxOr3Md_RftIjv8fcN4AaABAg,김의리,썸네일 사진만 보면 신이 노하신거라고 하실줄 알았는데.,
UgyfanRajWE1fTyfaJV4AaABAg,hjh5516,오래전 회사 동료가 인간이 번개의 에너지를 저장할 수 있는 실력이 된다면 어떨까 라는 말을 한 것이 생각나네요.,
UgzfXvc19xE58BjLwF14AaABAg,Z징기스칸Z,번개는 저장 못함?,
Ugw2Ul1RL55-xpCUZI94AaABAg,김영주,시그니처모자가 나왔군요 ^^,
Ugz7uYEg1LRCoiYGZoZ4AaABAg,MrTwn2010,넝마 봉투를 뒤집어 쓰신줄 알았어요 ㅠ 치명적인 중년의 귀여움,
UgzNs9RIIhNiw5Vfg054AaABAg,정듯,우왕 재밌다,
UgwVHvej7U0k_3ZQXLB4AaABAg,sipwon1,뜬금없지만 질문좀 할게요. 높은 건물이 있는 곳도 아니고 전깃줄이 있는 곳도 아닌데 높은곳도 아닌 허공에서 담배불똥이 떨어지듯이 무슨 불똥이 파르르? 1초남짓 떨어지다 그대로 공중서  사라지던데 본사람이 저밖에 없었어요. 이것도 자연현상일까요? 그게 뭔지 혹시 아시는분? 있으실까요? 헛것 본건 아니고 그냥 보통 사람들보다 동체시력이 좋은 편이에요,
UgxDHmz0PTaViT5dY8V4AaABAg,seo_yoon-0319,오늘은 중간층 대류권 성층권 맞나? 설명하실때.. 힙합하시는 것 같아요..ㅎㅎ,
UgwFa7X3EPQDWXlYh_14AaABAg,이슬뭉치,외모가 신뢰가 안가😂,
UgwmJkElbU2BPnWl7zJ4AaABAg,이범진,관장님 모자 덕택에 "오래된" 그루트 같아 보입니다.ㅎㅎㅎ,
Ugx-2oxlUdrJDdJo_I14AaABAg,parkgoogle,형님 가출하셨나요? 모자가 같네요,
Ugzy8utZ1BwaC4xqABB4AaABAg,일렉트로시티맨,이관장님은 만물박사인가요? 진짜 박학다식 하시네요 👍,
UgzEp5FNEIOOeDPIAd14AaABAg,gamsahaja5498,이 모자 또 나왔다. 번개이야기는 좀이따 볼게요~,
UgzXdzEiKqo7bmGbHu14AaABAg,f67hf4edg, 마지막 하나만 더 얘기한다고 했는데 앞에 한 만큼 더 이야기 하심,
UgwGZIacSXuWHKzv_A54AaABAg,SamuelRyu-wz1rl,썸네일 .. 1호선에 가끔씩 나타나는 ...  긴 왕관쓰고 나타나는 할아버지인줄....,
Ugy6BhS7f1smNXxFz9t4AaABAg,호랑좌,저도 저런 번개 본 적 있습니다. 평소 두껍고 포근한 넥커버를 즐겨입다 보니  어두운 곳에서 쭈우욱 당겨 벗으면 빠지지직 하고 생기더군요,
UgxhOvSGKscKKCrW1aF4AaABAg,seongeun_shin,관장님....댓글을 자주 보시나보군요.....파맛첵스 써달라고 한 댓글을 저번에 본 것 같은데 바로 피드백 반영해주시다니....,
UgxlLv6bTNjWokKNpBV4AaABAg,user-hyeonwoo87,외국 영샅보면 번개 3번맞고 결국 못일어난 영상있던데...1번 맞고 기절  일어나서 몇발자국 걷다가 2차번개 기절  또 일어나서 몇발자국 걷다가 3차...ㄷㄷ,
UgyKv0ffMef-vmegaaJ4AaABAg,완짜이,자기분야별로 깊이 연구하는 학자들도 훌륭하지만 수많은 일반인에게 평소에 알수 없었던 자연현상이나 궁금증을 쉽게 설명해주시는 분들은 지식에 대한 이해뿐만 아니라 경험이나 노력으로 얻은 재능이라 생각합니다.감사합니다.,
Ugz-ASiOXamXN54BAUR4AaABAg,김수하땡땡땡,모자 때문에 들어왔다,
UgyA1I8qb_OnEX8jhz54AaABAg,skh1043,조심스러운 의견입니다만..번개(벼락)가 자연에 미치는 순기능을 인간이 임의대로 제어한다는것이 자연에 어떤 영향을 미칠지도 염두해주었으면 하네요..  반대급부까지도 계획하고 실행하기를 바라는 마음입니다..물론 저는 자연주의자는 아니니 오해 없으시길 바랍니다..,
UgzX5bFgiBToVjNkYtl4AaABAg,lhs34580,모자 벗으시면 토끼 귀 있을거같아요,
UgwdTTb4mftt8hHWH9t4AaABAg,최민혁,1빠,
Ugx1sjhWrjTxB9OpPTV4AaABAg,오로치김,과학을 보다에서 못 다한 말 다 터는 것 같아요,
Ugw3OaNiImWJPNZckcB4AaABAg,LD-fr2wz,2빠,
UgxfRqup_dQfhgURllB4AaABAg,hongbaek_artshop3654,ㅋㅋㅋㅋㅋㅋㅋㅋㅋㅋㅋ겁나 재미있어요! 캬캬캬캬캬캬,
UgzJpF_aEwIT6yJrYd54AaABAg,JinMo-he1pu,잘볼게요~,
Ugwp-pVuQyKP__-LBFt4AaABAg,밭가는어미소,모자 맞아요? 가방같은데ㅋㅋ,
UgzQOQfZ-jx243jETmN4AaABAg,시간마나,이정모 관장님 수염 멋집니다. 중앙아시아 외국인들은 수염이 가득하든디 저도 정년하면 꼭 관장님처럼 수염기르고싶습니당~ 이정모 관장님이 오셔서 보다가 더 풍요로워졌습니당,
Ugz9OYGh8a8D7-G3npZ4AaABAg,반니킴,3빠,
Ugxa12P0wgcSu5RFr4d4AaABAg,쇼츠,모자 ㅋㅋㅋㅋ 귀여우셔요,
UgxV2mszaPoQfmMfjil4AaABAg,Krom675,드루이드 인줄 알았어요 ㅋㅋㅋ,
Ugzx9mbbZGGLzGTA1fJ4AaABAg,by2964,관장님이 아니라  족장님 같으시넹~,
Ugw7toOjMmbvjdaIY_l4AaABAg,dys5892,일단  봅시다 ㅋㅋ,
UgxfSrrXBx4YVwf-9e14AaABAg,just_beomsu,퐈파스머프 현실화?,
UgzE-fTG-yP-lTHF4d54AaABAg,TESSbro,박식하신 수리부엉이 같으심미다 관장님❤,
UgzBlZyKrg3RHf-_b5J4AaABAg,qkqhdudrka,관장님 좋아합니다.. 갈로아님 다음으로요 너드미 계속 뿜뿜해주세요,
Ugwcm54CI8A5C2Otfql4AaABAg,KC-fh1ki,갈로아 님과 곤충 채집 하는거 보고 싶어요 ㅎㅎ,
UgxCJ6IHZYd_aZuxkd94AaABAg,sgdhfcjx,모자 파맛체스임?,
UgxZYmUuqlL5b0HMIOt4AaABAg,jeny6716,ㅌㄹㅍ 밈코인은 어디서 살수 있나요,
UgxAbPHMtQGLaqrniRl4AaABAg,SqHq,멍청한 바이든. 트럼프 당선 이후 상황이 빠르게 바뀜 인간들 통빡이 굴러서,
Ugz0ppl2JvhxK_7bS9Z4AaABAg,puingus,바이든 대한민국 현 상황을 그대로 말해줬네 ㅋㅋㅋ,
Ugwp6ZLuV9oUml3xc7B4AaABAg,TheKevJung,얼라이 얼라이,
UgzKQWDudeRG7MX21WF4AaABAg,클리블랜드3,지미 카터랑 헨리 키신저가 얼마전까지 살아있었다는게 진짜 으메이징하다,
UgyGeCtFECdMas14w3B4AaABAg,inmikay8859,바이든 치매 허수아비 & 카말라 조기 알콜성 치매 광대.. 4년동안 미국 잘 말아먹고 퇴장합니다.,
Ugw8xaU7qCIB8nm1StB4AaABAg,jeny6716,이러이러해야하는데 그러지 못했다고 자신의 무능을 인정하는 마지막 메세지,
Ugwya_0pliun2EGcDP14AaABAg,llsola,바이든=아들사면  트럼프=본인사면 또이또이 다른점이라면 바이든은 앞에서는 아닌척하고 트럼프는 대놓고 미친놈이라는것,
UgwxVWqz2dHksAVe70Z4AaABAg,joonch6549,100개가 아니고 200개가 넘는 행정명령에 싸인한다.그 곳에 한국의 문제도 포함. 과연 누가 제재를 받고 체포될수도 있을지 기대하길..,
UgxI7xe6C727X7Dxulh4AaABAg,좌파메카노,더불어공산당 사람취급도 안 하는 황제 납시오😊😊😊😊,
UgzDXtxCH1KHbHVKaGR4AaABAg,리필립,미국이 그린란드 캐나다를 먹는 순간 세계는 무법의 정글이 됩니다. 정글에서는 힘이 곧 법이고 약육강식,
UgwSE1Jg1kFGUPHscAR4AaABAg,ya-nol-ja,한국에서 중궈들 방역 좀..ㅋㅋ,
UgwJ-0NwkjwlAwvyCfF4AaABAg,나일권,나중에 미일동맹에 뒤치기 안당할려면 식민사관 정리가 필요하다,
UgwAU6FsF03ONzU8FLV4AaABAg,독독불장군,내일부터 좌가 아니니까 .. 너는 우라는 이야기 잖아.. 결국은 그 말을 하고 싶은데 돌려 말하는 거잖아... ㅋㅋㅋ  그것도 아니면 좌도  우도 아닌 회색분자인갸? 아니면 돈만 쫒아 다니는 돈충인가?,
UgxSWZVFv4Ybvy818lZ4AaABAg,USA-welder,바이든 지 갈때 되니까 옳은말만 하네. 진작 좀 잘하지,
UgyfNAZ6KUZ1uzaSke94AaABAg,아라비안,😊,
UgxD4jLsHlkhBiwfEwt4AaABAg,머독머독,솔직히 원정출산은 막아야지 ㅋㅋㅋㅋㅋㅋ,
Ugw9DVwSAKI-KqcMkV54AaABAg,kidinthai, 형님 우리 장례식도 호상이면 분위기 좋습니다...ㅎㅎ,
UgwO7tCISoQcczgR8Lh4AaABAg,resuper-vc3xm,100개....트럼프가 온다....,
UgxCXHJdqEoO52CHJpB4AaABAg,스테이,와 바이든이 우리나라 얘기하는듯,
Ugyy0qoJdYg962053b94AaABAg,뺀틀니,소신있게 말씀 하세요..,
UgyhLA4E1Mkg_lCvrrF4AaABAg,QuintusStatiliousProcorpius,한국은 이 와중에 타이밍 놓치고 혼자 좌경화 되어서 왕따 각인듯 😢😢 주한미군 퇴갤하고 조선성 해군기지 각,
UgyDIh2jkh2mJLGerCd4AaABAg,Asap,환율 2000 가보자가보자~,
UgzYzREotV5OvLu1RVZ4AaABAg,AB-bw1km,자기 집권일때 국가 1경부채를 쌓으며 후손들에게 피해를 논한다? ㅋㅋㅋㅋㅋ 진짜 진보주의자들은 자기자신들의 싸움임.,
UgwDCzj5Sa_zrT6DrSl4AaABAg,AssyOdozzasae, 우리는 이걸 '딥 스테이트' 라고 부릅니다 :),
UgzgbUSVC0vmZFoaoXp4AaABAg,루샤,도람프코인으로 어제 수익 낭낭하게 챙긴사람들은 개추,
UgxxWRNO4GmiLBNETUt4AaABAg,nickskwon7736,웃을때 웃을수가 없지 ~ 해방후 쥐새끼처럼 어둠에 숨어 언론날조질에 일제와 내통은 물론 국가를 분열시키고 나라를 쳐 망해먹는 친일파.친일파정당 종자들에게 어떻게 웃을수가 있냐???,
Ugw0sWoJGnMFg37QKaB4AaABAg,po105kr,추임식날 별일 없기를,
UgyOlpl-x08jhy513tt4AaABAg,user-redpig,자기 자식은 사면 하면서 개소리도 가지가지하네,
UgyzEiCcRI4gB9BMj-B4AaABAg,user-yv7tz6sr8z,주식 무출산 탈조선 갤러리 ㄱㄱㄱㄱㄱㄱ,
UgyOlaTK6HaCfl3qkJ94AaABAg,고양이많은집,우리나라는 이미 상속세때문에 많이넘어갔지,
UgyegpdQ78tOqADAydh4AaABAg,url-7k,옷이 파랗다,
UgxgFJfiJtRV6RB3sN54AaABAg,c드래곤,전광열 목사   나베 초청 됐다는데 사실인가요?,
UgzgBZMTyOzCgr519Gl4AaABAg,김상현,ㅈ됬다 ㅋㅋㅋㅋ 1억 코인넣었는데 어떻게될지 ㅋㅋㅋ이미 벌써 15퍼 수익임,
UgyDuVIa4L3jFXF7Jyx4AaABAg,구극,와...트럼프 코인은 진짜 예상을 벗어나네....국가 권력자나 지도자에 대한 모럴헤자드가 기존의 패러다임을  뛰어넘는 시대가 온거야?,
Ugx7LfQGuJzfi4_Dr-V4AaABAg,JW-ke5gr,좌다 ㅋㅋ,
UgytbxbSeuIb1zR5HWN4AaABAg,이아름,100세면 호상이잖아. 솔직히 100세까지 사신분 장례식장이면 잔치집 분위기 나도 괜찮을듯.,
UgylLRIKa66bL-A44Y94AaABAg,carinoil3798,걍 새로 맨들자,
Ugy25-w0Kl_EXJFNygp4AaABAg,hwanee1495,미국과 세계의 정 상 화,
UgwRUcRQIA5xkBnmzEx4AaABAg,대좡님,잘가요 조 날리면,
UgzL8eq8jhEYW454Cgh4AaABAg,설원의고독한늑대,댓글에 정신나간놈들이 몇몇 있네 또럼프한테 대한민국을 구해달라니 점점 정상화 되어가는데 뭘 구해줘?,
UgzgYoBe_BdSlklwSPl4AaABAg,eastman,새벽 2시가 두려운 반국가세력들은 내 댓글 좋아요 눌러라,
UgydVAAoQ1e3NtPD7fJ4AaABAg,YoonELEC,그런데 여기 댓글란에서 트럼프 왜 지지받는거임? 아니면 지지하는척하는 반어법인가? 혹시 한국을 머니 머신이라 칭했던 걸 모르나?,
UgxStJqJ4b8CUV_cG_94AaABAg,jisanhu4538,지미카터는 우리나라와서 주한미군 철수 한다고 해서 놀랫던 기억 납니다.,
UgxQ5cIuOn3z5_R67xB4AaABAg,gdbak-j6gk,바이든이 착각하고있네. 팩트 체크를 누구의 기준으로 하라는건가? 자신의 가치관만이 진실이라고 착각하지 말아라.,
UgzRMyY-XD1HzxhKfQ94AaABAg,하모,치매노인이 마지막 연설을 하셨네,
Ugy1iYWcAR1j5Hygm5d4AaABAg,becoolforyou,모든 미국이 사랑했는데 연임실패?,
UgydnjbyO5uoQVDeJjV4AaABAg,kongsangjoon,채팅창 진짜 더럽다,
UgxrPL6vIXAeMPqLk054AaABAg,yayaya1963,잔뜩 쫄았네,
UgwqqeK6QMdhGa0LdbJ4AaABAg,Avocado_Juice,트럼프가 무슨 신처럼 생각하는 사람도 많네 ㅋ 경험안해봤남? 물론 영향력은 있겠지만~ 갑론을박 부딪히며 트럼프 뜻대로 안되는일 많을거라 생각합니다~,
UgyWeGo8S8ZUfeSGAr54AaABAg,eere88,대한민국 멸망,
UgyuJ0CAwkroqyC5Clp4AaABAg,Findle8435,트럼프 안이겼으면 바이든이 이스라엘 하마스 휴전 협상 안했음ㅋㅋㅋ아는 사람은 알꺼다,
Ugww-AeAut6bqRYeenJ4AaABAg,양반,틀린 말은 아니다,
UgwLbkenzXqIxQblCuF4AaABAg,유너니,유익하다,
UgyZKA7yKcZ2eNbRgqx4AaABAg,baekdoobaek4657,트럼프 형님 제발 찢짜이밍 관타나모에 쫌 잡아 처넣어주면 안될까요?,
UgynBvKarJYy5sduNWp4AaABAg,쯔짱짱짱맨,와 오바마 트럼프는 귀하내 ㄷㄷㄷ,
UgwI_n-tZFEtl6uAO6Z4AaABAg,jcc934,독재자킬러니뮤 ㅠㅠㅠㅠㅠㅠ,
Ugxd5CuCnjTuqRF1BIF4AaABAg,cdcd33cdcd7,떠나는 바이든의 연설은 마음속 깁은 곳 영혼 까지 눈물이 흐를 정도로 감동적 입니다. ㅠ ㅠ,
UgyfVl5rdKDqA5QiFFV4AaABAg,lime3212,정상화의 시작,
UgyHyNeV6u4xT0agQRp4AaABAg,AAAAAAASJDJJFJEIEKSJFJFJDJEJDJ,아직도 모르겠냐? 위에 놈들이 돌아가며 먹는걸.,
Ugz5HTiFxn4gNmx2ZBt4AaABAg,이주헌,아 국내문제는 골방에서 못듣는 아조구나,
UgwIwz2podgKtyun1yZ4AaABAg,에휴,실비관련 영상 라이브 했던 것도 올려주세요!,
Ugwtz4sNzFOgUKZ94at4AaABAg,바비힐,내 사랑 미국,
Ugy7pgFEfW2cSNOfo4p4AaABAg,SeoulClass,앞으로 4년동안 슈카형 콘텐츠 보장해줄 도람프형,
UgxWb3yKbeG0Aee995V4AaABAg,vhzptahs1206,미국 정상들은 나름 기저에 서로의 존중과 품격이 있는것 같아 보이는데 왜 우리는 이러지,
Ugz4I1nC-jF_bnLRO9J4AaABAg,James-mw7zv,트럼프? 그래서 어쩐다고? 아무 의미 없어. 달라지는건 하나도 없을거야. 어린애 땡강부리는 빼고.,
Ugx4AeIytal5YZ9YjzR4AaABAg,DELee-qo6kv,응 휴전 하루만에 무산,
UgzkHgrb91LdkeaQqWV4AaABAg,Linenb2,ㅇ ㅏ 도람뿌 시즌2 다메요...,
UgxXvsnLjEo75nt22wJ4AaABAg,정필정,please help the president of Korea,
UgyFk0tUFDtGC7bkMOJ4AaABAg,PaperBackS100,채팅이 참...모든 논란에서 비켜나고자 애쓰시는 거 보이긴 하는데 점점 수렁에 빠지시는 기분이 드네요.,
Ugy8lD4GSOqr5Ka-XWl4AaABAg,김광수-w7j4d,럼프형은 구린 걸 내지 않아.,
UgyQbWIbyT7bKoyxplZ4AaABAg,역사한모금,서부지법 테러 사태도 한번 다뤄주세요.. 이게 지금 전국 최대 이슈인데;; 중립각이 아닌 비판 좀 해주세요 나라 진짜 망하겠습니다..,
Ugz0lSJK6KgTLYBLkCl4AaABAg,daseinlee.2718,셰셰~~,
UgwIA6P2GK9e_PwDfVN4AaABAg,박경민-p5p9b,오늘의 야식,
Ugz56geGQZnPl42BqC54AaABAg,user-fb7mb3xh8l,흠없는 사람 드립에 호남은 역시 아직 멀었다고 생각했다. 그짝 동네는 민주주의가 먼지도 모른다 머리가 텅텅비어서,
Ugy1rKwnUlkA2hBTq5V4AaABAg,이퇴물,다른건 모르겠는데 미 국회의사당 습격자들 사면은 어질어질하네ㅋㅋㅋ,
Ugw6NIuA9kUvHMOlckZ4AaABAg,CC-zx6ph,Love Wins All,
UgxMUm_Cl7a_FZWO6vB4AaABAg,heyjun6671,4년만  어떻게  잘 버텨보자구요.   막장  양아치이긴  하지만  거래가  안되는  상대도  아니고...  아마  우리나라 외교자세는  트럼프에겐  잠깐  빛나는  왕관을   우리는  그 왕관값을  받는  전략이  필요할 듯  합니다.   뮈~ 많이  배우고 똑똑하신  분들이  잘들  하실거라고.............................하아~,
Ugz2liQ-8Ld1PnSSpQF4AaABAg,dclou1112,ㅋㅋ 댓글들 6시간 후 반응 존나 기대되는 주인공들이면 개추,
UgwYN07xZ5GgfCQ89wR4AaABAg,parkndil,미국이 미쳐 돌아가긴 했음. 트황상같은 정상인이 필요함. 물론 한국한텐 불리하겠지만,
UgzZ9fIUQ73vfjtxWbF4AaABAg,차상훈,100세에 돌아 가셨으면 우리나라에서도 호상이라며 축하하며  고스톱 치고 노래 부르면서 상 치르는데 누가 농담 따먹기 한다고 비난하나?.,
Ugwk496h0PCSX5gS74B4AaABAg,뷄,트럼프는 확실히 한국에 호의적이지 않음 걍 money machine으로 볼 텐데,
UgzqVRCUs_PSdUbTTB14AaABAg,김형근,불확실한 시대다,
UgyEfvKllYGXjgVSwix4AaABAg,AlexKim-be1wc,돌아이 전성시대,
UgxrjTFPkSpana9wSjZ4AaABAg,mastersteel,  어쩐지 새우가 왼쪽으로 휘었더라니 ㅋㅋㅋ,
UgxIkM0cbX24DhP46Vt4AaABAg,an_nyeong3377,아세안에 한국 나왔다고 좋아하는 사람들,
UgxRyXY0KgxeCVnHX6p4AaABAg,수,근데 바이든 연설이 다 좋은데 저걸 퇴임사로 하니까 아무리봐도 추한 저격으로밖에 안보임;;,
UgwW-Bf2kfZpd8g0_hh4AaABAg,콜라제로,미국이 아세안이라면 아세안이지ㅋㅋ,
UgzbZoBVA9JRLNChXoJ4AaABAg,삼구이앤씨,이젠 이 인간이 뭔 말을 해도 그냥 헛소리로 들림 ㅋㅋㅋ,
Ugw9V9qBsvNtWKRachN4AaABAg,kay203,내로남불의 극치 바이든. 트럼프는 권력남용이고 지가 아들 사면하는거는 정당한 통치행위지... 그리고 누가봐도 휴전은 트럼프 공이라고 봐야지... 알아서 기고 있는거잖아,
Ugzx4kcZMLonDzUn1h54AaABAg,continuebutton5016,바이든은 가는 와중에 아주 초를 치고 가는구나.,
Ugyk9PsmcETVk-c1j454AaABAg,보충뉴스,형 어제 그 사태를 사이버 렉카 채널 운영자가 몰랐다는게 말이된다고 생각해...,
UgxY6pz2o6W8xjH3z3d4AaABAg,뀨하고우는족제비,그가 입을 열었다 "라덴"할래?,
UgzmxeqgXX-UwzlRx9d4AaABAg,ParkChangHoon,우구먼,
UgyHdIJS5zd6RUYC4SF4AaABAg,오형주,댓글 444에 내가 쓴다 죽었으니444 ㅠ,
UgzCc_MPoUJCMgejNzd4AaABAg,goon4217,피바람이 분다...,
UgzOv9lDlvtH0zM8wjh4AaABAg,yonghwang,미친 멜라니아 코인도만들고,
UgzOuejd4rzisRLZXkF4AaABAg,kyk7889,한국에서 트럼프를 빠는 애들은... 빨개이 맞지...? 아님 매국노..,
UgzJEGErvZwSu5sJQj94AaABAg,Quiettheaven,트럼프가 국내정치인들 실체 까발리고 공산세력 조졌으면 좋겠다!!!,
UgwqDnZvIDjyLaqLevp4AaABAg,sinnanda1818,트럼프 초상화 타노스 느낌남,
UgwdvLb6D9tvHTZZ_CZ4AaABAg,JinwooKim,지아들범죄다사면하고크,
UgxlAHpH-VZRb-lwVK14AaABAg,llljjjsss,자유민주주의 ㅇㅇ,
Ugw5OuphHh3HzyrDGKh4AaABAg,일차일라,트황상이~ 보우하사~ 자유대한만세~!!!,
UgyyjHhl7lG_IQy4bCV4AaABAg,리마,미국도 인물 진짜 없나보네...트럼프가 또 하는거 보니...그리 욕하드만 또 하네,
UgxojSRiAZNEp2pDFHJ4AaABAg,kjchoi5174,우리나라 공산주의자들 좀 어떻게 해줘요 트럼프형,
Ugyr6j4DxOMmgSq6utd4AaABAg,Kkdm_1,환율은 어떻게 될거 같나요? 달러 많이 샀는데..,
UgzrHzjUytSLmMvNuzZ4AaABAg,njkim6428,ㅋㅋ  유쾌함이 좋네요,
UgyqacXTgnQZ1azWC9h4AaABAg,학교가기시여,바이든 딱 트럼프 저격이네 ㅋㅋㅋ,
UgxyrgEV29MHHDlimX54AaABAg,Sssssssss11,의주빈들이 우르르 몰려오고 있습니다,
UgwCOO06RBDCMJJ55RZ4AaABAg,Sssssssss11,의주빈들이 우르르 몰려오고 있습니다,
UgyMDDfLvk418RWSkEl4AaABAg,담뿌락, 채팅창 캬 이지랄,
Ugz2tN3WvkAsPzNFkx14AaABAg,accountforyoutubepremium,밈코인은 뭐냐 ㅋㅋ,
Ugz1wj_uyiDVaP9b3Ep4AaABAg,따랑딴딴,트럼프놀음 😮😮😮,
UgyfLN84v3VtqLoUBwR4AaABAg,59년차병오선생,바이든의 전체 고별사는 명문입니다.,
Ugy9KI5mCxl-tatznv54AaABAg,니나노,슈카야 추하다,
Ugxt3J7ajvkz_oKEABl4AaABAg,궁즉통,트럼프 온다~!!~~서둘러~!!~~I C,
UgzUHgncV4T3YajW2T94AaABAg,KNG,권력남용이 통제되지 않으면 어쩌고 저쩌고(자기 아들을 셀프사면시키며),
UgwLRk8ump9cQJv2Jfd4AaABAg,12.3-gyemong-remember,ㅎㄷㄷ하구만,
Ugxl-pvdHSc9rwU_DcJ4AaABAg,kimchibibimb0b,12월 초부터 도파민이 끊이지를 않노 ㅋㅋㅋㅋㅋㅋㅋㅋㅋ,
UgyG7GD-1iRItBRyerp4AaABAg,Ricky-qu2ht,내일 주식 뭐사지,
UgwlGye3_jeOyvJz7FZ4AaABAg,whitegom,100세 ㄷㄷ 장수 하셨네,
UgzAb6f42HxpOXXlo0B4AaABAg,IOOvsI,씨발 트럼프 코인 나오자마자 10억 박은 놈 4000억 엑시트 ㅋㅋㅋㅋㅋㅋㅋㅋㅋㅋ,
Ugz6Sbs2WuST_j6WDed4AaABAg,porsche5166,미국 사대주의라고 하는 것들 간첩인가. 북한 조선족 중국인들 대한민국에서 제발 나가라.,
UgzYrwkWWA6Q3sNlb3F4AaABAg,오영복,하는 일이라고는 행정명령만 남발하는 도람프는 2년 안에 끝난다.,
UgxNEUNvJIdHUh8jflx4AaABAg,summerhan2682, 갑자기 PTSD가 오는 슈사장 ㅋㅋㅋㅋ,
UgznfnGfgHh4VoxQ8el4AaABAg,운동중,저게 선진국이지 진보 보수가 옳바로된,
UgzHBxxBCmM7V_YXhoB4AaABAg,쿡그,럼프형 한국 북한은 1순이 아님 우크라이나 그다음 이스라엘 로 임기 끝네세요...,
UgyLoVMoG8mozYqjKqB4AaABAg,dsfjisod,트럼프도 정상은 아닌 듯 세계가 미쳐 돌아가네,
Ugz4HskhAH3sWdoeBsN4AaABAg,user-lp3iv6rx5x,큰 거 오냐? ㄷㄷ,
Ugwb7rsQgaFcB-g_PRd4AaABAg,ppoballom4562,진짜 큰거 온다 ㅋㅋㅋㅋ,
UgyVJrD9E9cTXLb54nR4AaABAg,사건의지평선넘어로,지미 카터 ㅋㅋㅋㅋㅋ 도끼사건 하하하하하하,
Ugw6AvOGu_uiRtBEPGx4AaABAg,허기성,여기 댓글들 캡처해뒀다가 네시간뒤에 보여주고싶네 ㅋㅋ,
UgyvqQw4ehFAXGJ23Uh4AaABAg,Stopthesteal,인구 수 줄겠네?,
Ugz_b39gaTYzgQPwLGV4AaABAg,와우,당은 달라도 ㅠ 마음은 따뜻하네요 서로,
UgzCvbNlAjNrJEocrSN4AaABAg,roobaby8501,ㅋㅋㅋㅋㅋㅋㅋ 하 이중국적인데 미국도 가기싫고 한국도 좆될거같고 그냥 북한가야겠다,
UgyBfmkY0JmwXSh3lDh4AaABAg,yb4884,CCP  OUT!,
Ugxv_VU2w826UUtZjaJ4AaABAg,JJ-cw5ul,돈내라는거겠지 지갑같은 나라니,
Ugwx6_4nRxf0mUOaPPV4AaABAg,크크섬,우리나라는 쌔쌔중 ..,
UgySfx5iW8l03Z4jkZ94AaABAg,낙타신, 약간 윈스턴 처칠 사진 같네ㅋㅋ,
Ugwe1N6v1WLMKVinQIV4AaABAg,어처루우,나의 왕  나의 빛  나의 사랑  김경진,
Ugw8kb6cw-0CA8y6Wb54AaABAg,kennyson9194,자유진영에 덕이될지 해가될지 몰겠어 럭비공 같은사람 우리가 이해못하는 약간 또라이 같기도하고 그는 정공법은 아닌거 같은데요,
Ugx4ZaQ_uUcc70jQLox4AaABAg,한대웅,미국 51번째 등록 기원 1일차,
Ugz3fM6mQU4mv0IJZQ54AaABAg,김훈,당신도 얼마 안남았네^^,
UgwNki9VbdxlX3zx7d94AaABAg,kotdx597,역대급 최악이 내로남불하고있네 바이든과 낸시팔로시밑에서 고통받던 미국시민들은 분노하고있다 어떻게 물러나면서까지 저럴수가.... 바이든  헌터 바이든  낸시 펠로시  저커버그  조지 소로스 모두감옥가야한다,
UgyZ6LfctR1ehOk5PMl4AaABAg,새옹지마,"떠날 땐 말없이 떠나 가세요",
UgzM23ww3uLy6rZi9QJ4AaABAg,fhslmdue,트황 제발 한국좀 살려줘!!!,
UgynNiTFHrfq8fYe7vZ4AaABAg,포항촌놈,우리나라는 뽑아도 하필…,
Ugwjf0UyiRhlMTnAfZR4AaABAg,bulbob100,트럼푸틴,
Ugxif4oWI308QOdUbJd4AaABAg,thunder5311,51번째 주는 Commonwealth of Korea 원하면 개추 ㅋㅋ,
UgwnnkpdmjHdEI-NoNF4AaABAg,himekoinabaDevilfish,또 파란이 일겠구나.,
UgzfIM62DZ9bJ632uop4AaABAg,davidyoon7361,ㅋㅋ 바이든 지는 지아들 쳐 사면 해놓고 먼 개소리하는지ㅋㅋㅋㅋ,
UgyEbBdXEPExU9tQRAt4AaABAg,정길성, 돈내놔트럼프,
UgwamhFVBAXRPUCfL8d4AaABAg,Rbhsk10048,트럼프 오면 우리나라 정말 큰일나는거 아닌가요? 옆에는 언제 배신할지 모르는 일본도 있고 정말 세상이 이상하게 돌아가네요... 벌써부터 바이든이 그리워요,
Ugz0Zq_S_FEQkaoXGNR4AaABAg,mkskl729,좌카우카양카슈카,
UgwkII52JW_GrnFU67F4AaABAg,sung-bullguja,트럼프 1기 때는 우리나라에 트럼프 욕하던 사람들이 많았는데 지금은 그 반대가 됐다 트럼프가 옳았다는 걸 깨닫는 사람들이 많아진듯,
Ugwdo9d6eCdqp-lJrCJ4AaABAg,earth, 제스쳐 존나 웃기네 ㅋㅋㅋㅋㅋㅋㅋㅋㅋㅋㅋㅋ,
UgyUcQdq7qbNjkqsvjt4AaABAg,skyblood99,삼전 샀는데 웃을 수 있나요?ㅎㅎㅎ,
UgwMAvMuFr3Hqq0o_0Z4AaABAg,KikoLorenzo_,지구 주딱들이잖아 ㅋㅋ 서로 싸우긴 해도  둘다 친월가성향임,
UgyVkYjwz9P6P3Vvqbl4AaABAg,김규빈,저것들이 잘못된 행정명령이라 한다하더라도 아무것도 안하는 우리나라보다는 훨씬 낫다... 부럽다,
UgynckBlFwZGl4i-jTR4AaABAg,danggura,아무튼 쌰라웃 해주셨잖아 한잔해,
Ugw6WcnLpwIJYzogxex4AaABAg,ichiroryosuke8167,트황상트황상,
UgzrJhbIvvXzch8B9lZ4AaABAg,anotherday7403,슈카향 모자컬렉션 박물관,
Ugx9nW2X_Ot0qMSnZhN4AaABAg,김,전과4범에게   덕담  한마디!   렛츠고  깜빵,
UgxU9vIsMGY6uYR0gTd4AaABAg,YJK,하이고 극우들 이제 어쩌나 자기들이 믿고 기다리던 트럼프가 중국이랑 손잡고 세계 평화를 구축하겠다는데... 이제 트럼프도 cia에 신고하나?,
UgykI24IhDGxWGrFr1B4AaABAg,즐거운50대,우리는 저런 추억도 없고 맨날 싸움질만 하는 정치인들을 수십년이나 보고 있자니 답답하군. 이시대를 살고 있는 투표권을 가진 자들은 후손들에게 얼마나 욕을 얻어 먹을지...,
UgzNVyljo8RcmjJpV5l4AaABAg,Junpark2,부럽다 미국,
Ugye96S0klYRYfv2GDR4AaABAg,yb4884,스카이데일리 믿고본다,
UgzIifbn7UC1lJnNBnx4AaABAg,박상남,우리는 멈출 수 없으니 간다.,
Ugxl1pyrP9yHEK4iAwh4AaABAg,user-hq5tc3nv4b,바이든   너나 잘 하세요!!!!!😊,
Ugy55jnML29DMob41Z14AaABAg,gghj,바이든 감옥 vs 치매요양원  뭐가 더 빠를까,
UgwkQCXKYW8EBUQe8MV4AaABAg,인공지능,이제 4시간 후면  뒤집어 질 일이 있을 겁니다. 우리는 그를 믿습니다. 결코 친구를 외면하지 않을 겁니다.,
UgyxlAy3l_2IWrWv5ep4AaABAg,슈슈,우리나라도 저정도 연세에 돌아가시면 장례식장에서 고스돕치고 그래요 ㅋㅋㅋ,
UgzdT1CWSIKAtUuLJSR4AaABAg,Na_raola,지금까지 지구를 사랑해주셔서 감사합니다,
Ugyf3k8cXhXWwKzgaqZ4AaABAg,해검정,바황 is that a joke ㅋㅋㅋㅋㅋ 내려놓으니까 총기마저 돌아와버린거냐고 젠장,
Ugwxfgrq4BJwO7N_TBp4AaABAg,후루릅,짐이~ cuter,
UgxtS19Vu5TkAhUlYzF4AaABAg,yb4884,그런말할 자격있나 바이바이 바이든,
UgyUJcZzWFNUwFiNUc54AaABAg,김진웅,"세계최강 알파메일",
Ugwz9QHW7RceKWgvlOJ4AaABAg,puddingtvinc,카메라 앞에선 숙적 뒤에선 히히하하호호 노예는 잔다 영원히 ㅋㅋ,
Ugw741MHFNlNThAeoH54AaABAg,OMKSX,화합의 장?ㅋㅋ 여야가 짜고 국민을 등쳐먹는게 너무 티나잖아요ㅋㅋ,
UgyG3zH9WGBv_yUcvP94AaABAg,jjoyboyss,럼프형 말 틀린거 하나 없지 ㅋㅋ,
UgxByIQEzDkv_0jF1DB4AaABAg,JminKwon,바이든 퇴임하게 되니까 정신이 맑아졌네,
Ugz8WyR9b_GH5Gm3bzh4AaABAg,escador2498,트황 출격대기~~,
UgzVCzj7twzFjODV6FZ4AaABAg,김운석,감사합니다,
UgzwdtLfvWOnyWnLYet4AaABAg,포도맛커피,ㅋㅋㅋㅋ 트럼프가 왜 우리나라를 구해주누 우리나라가 미국 식민지임?,
UgzmuJSXivimhDBEakN4AaABAg,7949yong,예전에 우리나라에서도 구순을 넘기고 가시면 동네에 잔치가 났다 오십년 전에는.  호상이라고 했다.,
UgwhPV2a11PW0rZU51V4AaABAg,타이틀니스트,리플 가즈아,
Ugz04CAYqBIJLT0NVrB4AaABAg,ddoit9040,우리나라 정상화좀 시켜야지 국제왕따되겠다,
UgwGRJavZXzegoocb3J4AaABAg,yb4884,스카이데일리  믿고본다,
UgzuXa5PciBlD06BlrR4AaABAg,가께미야,바이든은 갈때까지 갈라치기 하네 어휴 지겹다 지겨워,
UgymGp0UvkjWFtmWVOZ4AaABAg,pinkberry3885,와 너무 빨리 들어왔나봐 마지막 장면에 추천영상 안뜨는거 첨이당,
UgyyhxT0m1knvDQW0EJ4AaABAg,kerubi_, 원래 정치판은 wwe인걸,
UgzSSdpu_WA3aO4U3mJ4AaABAg,illiiiliiil,제발 천연가스 드가자!!!!,
Ugw7uqrDBqqVIEJah5h4AaABAg,nwndkmemfmnnn,부디 어떤 인물이 반드시 "디모테오"엔딩을 맞기를 바랍니다.🙏,
Ugw-aXPB9bdiXTrNoMV4AaABAg,user-xk3oh4fq6n,트황상 믿는다 코스피 서킷 가자,
UgwQ7u6u1BlBVUkKWC54AaABAg,페페튜브,서결재명이도해라,
UgzG66_Z4UbCRTo7ord4AaABAg,이키,바이든 지 아들 사면하고 저딴 소리하면 안 되지 ㅋㅋㅋ,
UgyaqYPtYkKDgFNTJIZ4AaABAg,ba-ii2bz,트럼프는 유태세력 네오콘들하고 전쟁이다,
Ugy4tF4u_WUBULfhY2t4AaABAg,아티스트그래이드,"인류는 결국 신흥 갑부에 출현으로 발전해 왔다" 과연 누가 더 인류 발전에 기여하 였는가?,
UgyCVMTIDGXb0teFi154AaABAg,mind,이번엔 또 얼마나 미친짓을 하려나,
Ugz_c839cLpxKFqyVEl4AaABAg,언젠가잘될거야,우리 정당들은 서로 죽이려고 안달인데 저쪽은 성숙하네 당은 달라도 미국이 이익이 될수 있도록 같은 방향으로 가서 그런가,
Ugxp2rZlR-9XXN8f4bp4AaABAg,usr-1gsj67fga,두근두근,
Ugxbx8qY-y6To4lhsOd4AaABAg,gqjiwoerkwqty,내일 이 나라가 뒤집힌다. 준비해라,
Ugyosd00EukU2qF_XPN4AaABAg,az-lg3um,존나 카리스마있어!!,
UgxbKyofjCTP_aSBipZ4AaABAg,e9byaya, 한국에서도 100살까지 살다 하늘로 가시면 호상이지.ㅡ,
UgyZZ1JwRkoTQAB4jsx4AaABAg,kotdx597,그렇게도 트럼프를 조롱하고 비웃던 한국인들....속이 뭉굴어지겠네요 😂😂😂,
UgyYbbSnBWHZ494s8ud4AaABAg,제니훈,지 아들은 완전 사면시켜주고서 잘도 떠드네ㅋㅋ,
UgzD-aQQNKVehbOW7K14AaABAg,12n48,호상이지,
UgwcGy5XWwXdOzyKPKx4AaABAg,wago5005,제발 종북세력들 척결!!,
UgxnJwCQtoZ04K6MKZB4AaABAg,뭘적을까,아 트럼프형 ㅋㅋㅋㅋㅋ 자뻑 오지네 ㅋㅋㅋㅋ,
UgyJpX5L22xSg2pnOVl4AaABAg,sinmoonsik5721,자유민주주의의 수호자여 어서오세요.,
UgyzIcfRmJc2JH6WU2B4AaABAg,luxiantsoltia4870,피씨충척결 다섯글자에 환호성,
Ugwji--dxaJ2AtBeGyp4AaABAg,milchholstein884, 유튜브도 기후위기 사기라고 글 근거들 길게 적거나 무지개 비판하면 댓글 잘림 트럼프가 이놈들 공중분해 시켜야함,
UgyyakzXnJePtcVhj3x4AaABAg,rallypointGO,공식 초상화가 ㅋㅋㅋㅋ 파이터포스인데 ㅋㅋ,
Ugxe8OnzlGc_E8i7W2Z4AaABAg,Gastroventure,굿바이 날리면?,
UgxOrj5iydlE62QhBQh4AaABAg,김범준,리 짜이명 잡혀가겠노? ㅋㅋ,
UgyjOSaJLYnfSiVNfrl4AaABAg,영시줌마,혈압올라요,
Ugz8uJVJQEhrgcUEvaN4AaABAg,루하,앞으로 소개 고갈 걱정없어서 싱글벙글한 슈카면 개추 ㅋㅋㅋ,
UgwbP5sIkya4hyHr5MR4AaABAg,태석이,머야 100개의 행정명령 볼려고왔는데 없잖아?!,
Ugxv4pkbcnZuOuqylzB4AaABAg,ACHE11,"미국의 정상화" 트 창 섭,
UgxzgK6bpJHDR__a60R4AaABAg,arzguardi,One Day Dictator. Trump.,
Ugw536CR5aNApW1k-VN4AaABAg,구원받지못한,피자,
UgziivGkrzEhda-JV4d4AaABAg,userrandom246,21일 1시에 voa코리아에서 취임식 한국어 동시통역 해준댔음ㅋㅋㅋ ㄱㄱㄱㄱ,
Ugze7do7-jaSP8CN04F4AaABAg,user-qr7ho2ze2i,성숙인으로 공과사는 확실해야지 일할때 죽도록 싸우고 저녁먹을땐 즐거울 수 있어야지 일은 일일 뿐이지 그거 갖고 죽자 사자 싸우고 있으면 비성숙한 인간인지 고민해봐야지,
UgzWqG55GK4iWK1btUV4AaABAg,후후-r5r9x,비니 잘어울리세요,
UgzCazR6XOl-SxGi1fB4AaABAg,dbehdslr5266,트황상 강림까지 h-6,
Ugwu4Ilu6bB3WY-vxU94AaABAg,msk6276,한미상호방위조약 파기 이런거는 아니겠지,
Ugyn8gdEnHPiiVhYx594AaABAg,강건우,오 80빠다,
UgxWNcE-PCqdcTC0DS54AaABAg,Keanuk,100세까지 사시고 돌아가셨으면 우리나라도 잔치분위기입니다.,
UgxxzfMHgjd06oto0I94AaABAg,abracadabra491,???:"이제 널 부셔버릴거야",
UgwFsZR5hzkI4jfRGAB4AaABAg,미니,간첩정리좀 부탁드립니다 트ㅡ황,
Ugza1jwZKKwBylJ1bEV4AaABAg,갈끄니까화성,내일 새벽 부터 본격적 으로 움진인 다고 합니다 하필이면 시간도 새벽이야 ㅋㅋ 누구 누구는 이제 잠도 못 자겠네 ㅋㅋ,
UgweJY8Tv12VczS5vdp4AaABAg,러브버그,국장 3천 가즈아~~,
UgzohGxPqv2lqdV_AQZ4AaABAg,milchholstein884,이제야 세상이 정상으로 돌아오겠네. 하늘에 뜬 무지개를 보고도 역겨운 생각이 안들고 순수하게 아름답다고 느끼던 예전으로 돌아가고 싶다,
UgzWNv_b7SBp40UvXNR4AaABAg,부르고뉴파3대손,진짜 전쟁날거 같음 ㅠㅠ,
Ugx5okHUdSnDttS5_nt4AaABAg,hsudo,그래서 틀닥분들 스카이데일리 대표 참석했나여?,
Ugzb9YwK4mE-rdK4nlx4AaABAg,moonrise915,트럼프형님 친중하는 우리나라 프락치들 조져줘요 ㅠ 강력 대중 제재 행정명령 가자!!!!,
UgwuW6rtRGyaa408Qm94AaABAg,juhuen,@ 원정출산은 너무 꼼수이긴 해 ㅋㅋ,
Ugx2GHOcusvM8sAkJkh4AaABAg,JhK-ob1pu,일,
Ugzlyy--mJvjEjGvsE54AaABAg,김우진,지미카터 제럴드 포드처럼 우리나라 정치인들중 저게 가능한 사람이 있을까.,
Ugzk5N4mw_XLvI4v9_l4AaABAg,용재조,ccp out !,
UgzfKniuORBquf--Fn14AaABAg,spacelink3084,잘가라 바이든 ㅋㅋ 미국을 말아먹은 ㅋㅋ,
UgwiFFaeWlcneAJOepx4AaABAg,mumiumiu6787,소재 마를날이 없네 ㅋㅋ,
UgxPdgDTUA_0rlMaLf54AaABAg,duei175,과연 미국이 독재의 길로 갈것인가~너무 궁금하네,
UgxTRVncKcfLYKRmY2h4AaABAg,스티븡,미국은 바이든이 갔는데 우리나라는 바이든이 오게 생겼네,
UgyfnPNQvyMcO9Tkfhl4AaABAg,user-ak582vs90,1빠,
UgxbOb3bdIQol74ZKrN4AaABAg,멸공-myulgong,180여개래요,
UgyKHna2biUb1I17Nq94AaABAg,live_idle,취임 후 코인폭락,
UgyGd72Euvyo2TFSZvR4AaABAg,아쉬워서그렇지,행정명령에 한국관련 있다고 기사 떴던데,
Ugyxnqx15BXsebN0tld4AaABAg,im.kurokun,바이든 날리면,
Ugwuw8qp3WcswV_7gV94AaABAg,이승윤,1,
UgyPXSXt3M_STaeumaZ4AaABAg,저스디스,1,
UgyQVuorSNl_pShPBnp4AaABAg,StorySocialnScience,바이든은 웃고 있다,
UgzHZRDnVdOfKuYIFwZ4AaABAg,ABCDEFU0k,불의 시대에 걸맞는 레드 트럼프  아름다운 칼춤을 보여주시오,
UgzB3CmafmhaLEFZvQ94AaABAg,가온,자아 2월안으로 거대한 쓰나미의 폭풍이 몰려온다 드가자~,
Ugw76ZKt0v-JRYXaAnZ4AaABAg,강천,15초!,
Ugw3wB4-feDXaWxEDhV4AaABAg,엄마손은_약손대공,도파민 폭풍이 몰려온다.,
UgwCp3EhS1C5OWrYUEl4AaABAg,i-rb2to,트럼프 형님 한국좀 도와주세요,
Ugy2p-bl1zXDuDe-rot4AaABAg,굴러,캬 1분전,
UgxgX6lIZrqCKGCHlxh4AaABAg,hyun2088,1등,
UgzYooFFGROI7vOYMaZ4AaABAg,이경진,이번주에 우리나라에 큰거온다,
UgyoeQINRRgDH2fH4WF4AaABAg,VAENI1321,오늘 코믹스 안함?,
UgwbYAbv9ufhBn6Cyol4AaABAg,Higgs_particle,1등이 몇명이여,
UgxdrWqbW85Na2E8FDd4AaABAg,thehelljoseon,바이든은 결국 날리면 됐네. 더러운 전쟁광 네오콘 바이든.,
UgwaLLBJEibyvffXxkV4AaABAg,솔레미오네,트럼프 형님 제발 한국을 따먹어주세요,
UgwrovUlaBbpM3ycZuF4AaABAg,changhwadaang,성별은 오직 남과 여만 있다고 말했던 럼프형 기대가 됩니다.,
Ugx-PUZv-FCGpRb3zqN4AaABAg,icarus0128,정상화의 신 트창섭 또 당신입니까,
UgwI4tb-GwfX-GxEh1R4AaABAg,bsjwk9p,받들어 총,
Ugw4jol8OlQNhMccYb14AaABAg,박희원,1빠?,
UgzZla-D3KEMg4Y-ZvV4AaABAg,느릿느릿,오 트황 오셨네! 트황! 찬양하라~ 찬양하라~,
UgwPUBYXxiIIM3d1g8J4AaABAg,꼬리모지,역시 정상화는 트황상 ㅋㅋㅋㅋㅋ,
Ugw90h-u6t_IHeHNqet4AaABAg,riaac2143, 10년 드릴테니까 우왕좌왕 하지말고 빨리 쥬거주세요!,
UgxRaJJ8QVwrP3Onezh4AaABAg,df5123,트럼프 트럼프,
UgxDI1_hEsDLl4qPDSN4AaABAg,cmj7260,영상 요약) ㅈ됐음,
UgxoYn2owlw1gSO78Qd4AaABAg,user-bluedrgon,아 나 요즘 드라마랑 영화가 재미없어ㅠㅠㅠㅠㅜㅜㅜ지금 시대가 재미있어ㅠㅠㅠㅜㅜㅠㅠ미치겧어 빨리 21일 새벽 6시 와라,
UgwaqoenxV9ImFI9P_t4AaABAg,Hanyuu21, "나는 이 게임을 해봤어요!",
UgxRG485ZUypfxWPR1N4AaABAg,볼카스키,테슬라 미친상승이구나,
UgxncvRwNte0FxnTAo94AaABAg,nyma9407,우리나라좀 살려주세요...,
UgzQ15x071HoAeLNHgp4AaABAg,destiny98,트럼프코인은 과연 슈반꿀에서 살아남을것인가.,
UgzQfk4ZPuecqH56FRN4AaABAg,brianromeooscarhotel362,트럼프 밈 코인이랑 멜라니아 밈 코인 가격 올라갔던 속도로 달려왔습니다 😊,
UgzyX3TB4H5D-0Dr7FF4AaABAg,조닌,슈하,
Ugx8iuxc4TCoFxgvuqZ4AaABAg,한지현,주식은지금 뜬줄..,
UgzuntN5IEzfJmWGiWZ4AaABAg,holiclove,ㅇㅅㅇ,
UgzgIlXbHWA99jLguEd4AaABAg,읍니다,어떤 코인이 달릴 것인가. 이게 제일 중요함 ㅋㅋ,
UgyuTz8ZX0rKj9IA7Jh4AaABAg,user-wj5kx2ki7u,ㅇㅅㅇ,
UgyAYqXFBp4paLXOds94AaABAg,복많이주자,내일 생방송 해주시면 안 되나 ㅋㅋ;; 진짜 레전드 레전드 레전드의 연속일 텐데,
Ugy3YCJppFQfhPs3_SN4AaABAg,얼개,일,
UgyaM0T-o6_rqUOzRaR4AaABAg,jinwoodaddy1794,1빠,
Ugz2jKI12iXGovvhNdh4AaABAg,_dayfeeling,큰 형 온다 얼마나 미친짓을 많이 할까,
UgzmxuIAtTXP0MXsgdd4AaABAg,Momopixel4865,2빠,
UgyaR3KoIsc6xx-HnMR4AaABAg,Again_1992-V3.,전기차 살아나자 2차전지 살리도,
UgylRAOq8MqfCLpn0RV4AaABAg,리튬대주주,트럼프 황제폐하 우리나라 국개의원 손좀 봐주세요ㅡㅡ 제발 귀여워 해주세요^^,
UgzQCJ1lYOy7QTM3kmp4AaABAg,38만년,슈카야 우리의 장례가 더 즐거웠단다 100세 호상이지 호상에는 마을 잔치였지 상두꾼의 선소리 뒤따르는 이들의 뒷소리  마을은 떠들썩 상주의 마음을 더 위로해주는 것은 해학이었지,
UgxeGX3oHh4EoZYLweR4AaABAg,hayeonkim7838,오늘도 언제나처럼 어김없이 정말 유익하고 도움되는 정보 영상 많이 감사합니다 ㅎㅎ,
Ugz3vt0j7P7iMqI5xWl4AaABAg,Ohleeh,어찌될지 두렵다,
UgyhvC6HUcS687bko_R4AaABAg,cutybara5444,모든 피시방 다 되는거?,
UgybhU4OKcB1l8yx-pZ4AaABAg,comp9530,민수 턱살 진수화 뭐냐????? 흠;;; 돼냐링,
UgxGu4zqmcoS0DkMM314AaABAg,루카아데,근데 이게 보통 대부분 피시방에서는 투겜이 안돌아가기때문에 카트하는 사람 말고는 의미가 없지 않을까 싶다,
UgxoSD21JgNqZYdgo4N4AaABAg,19금-pioneering-ultimate-ROOM,제목 보자마자 카드맆 이벤트인거 알았다… (프..사....혼자있을때만눌..러ㅋ),
UgzrddcMqFXdnuPAYgl4AaABAg,유파토,추가로 가맹점 잘 보고 가시면 됩니다 그냥 프리가 있고 플러스 프리미엄 있는 곳도 있어요 플프로 가시면 됩니다 다른 넥슨겜 스팀겜은  가능하나 롤은 안됩니다,
UgxAaY8UXygl3eAcevh4AaABAg,비공개,넥슨겜은 넥슨에서 피방 중복실행 가능하게 만들어서 저렇게 가능한데 다른 게임들은 안될수도있어요 여러분~,
Ugyo0GGSNdnjgsJLtyp4AaABAg,한솔-e1w3m,대월클 열린무울님이다...!,
UgwgvolJAB6d4I0X6bp4AaABAg,푸항항,피시방에서 카트 1시간동안 틀어놓고 홈페이지 보니까 게토 포인트 5000원 지급 됐다길래 확인해봤는데 5000원은 커녕 1 원도 안들어왔던데;,
Ugzx5SOs4yEV8tZhOEF4AaABAg,_Blitzcrank,우물이랑 같이가네 ㅋㅋㅋ,
UgyH7MAzpTXaLgs75IB4AaABAg,오로치마루,넥슨 급한가보네 ㅋㅋㅋㅋㅋㅋㅋㅋㅋㅋㅋ,
Ugwv2U8FVyq23_Dqeqp4AaABAg,goodchoo,살찌니까 진수랑 똑닮았네 ㄷㄷ,
Ugw-iso4Hbl2agGOJ5p4AaABAg,Q1w2e3__r,롤도 같이 돌릴 수 있나요?,
Ugwxzz7j6VqFlCIIt0N4AaABAg,3meat,넥슨이 유료게임에서 10시간하면 내꺼 3시간 가져가더라 4천원은 있어야할듯,
UgxodQaNc81XLS_s_3N4AaABAg,users-mushroom,카트 켜놓고 크아 하는거 보니까 pc방 혜택 동시가 되네 ㅁㅊ;;,
UgwqZrJPwzddHzeFGvt4AaABAg,기원이,형독님 요줌 롤 개망했는데 피방도 롤하는사람 많이 줄어들었나요?,
UgwxydomXWKpRUhJRbx4AaABAg,liillil53,하..형독이 이번 대회에 나갔었으면 1024강 다 씹어먹었을텐데 아쉽다,
UgyEUHge3qdf2KsfI7d4AaABAg,병줘팸,카트 pc방 이벤트 열어서 하는애들 대부분은 카트만 켜놓고 정작 메이플하고있는 슬픈 현실..,
Ugz4-KtRaYADG7odPb54AaABAg,응애-v9g2h,카드맆 그마!!! 엄청나!!,
UgwASDkf_aqqH1xYmyx4AaABAg,고양이다냥캉캉,카트켜두고 롤ㄱㄴ?,
UgyeZvQ9uQJtLuc8gHl4AaABAg,박시우,뭔가 우물님이 제2의 코믿이 될거 같은 느낌이 드는디,
Ugy9hh59NWusjOnLoEt4AaABAg,musclemusclekingJYE,지금은 모르겠는데 처음 3시간 이벤트때는 이벤트 되는 피방 찾는게 하늘의 별따기라 하고 싶어도 못했었는데,
UgwzagzGbVxbQE_KB7R4AaABAg,겁나약한초보,집에 컴 못써서 저 시간 알뜰살뜰 쓰고 있음 ㅋㅋㅋㅋㅋ,
UgwCOTN2MDtnsXwVrMh4AaABAg,박지민,중간 버파브금 ㅈㄴ 추억이네 ㅠㅠ,
Ugzcf35CLLtH7Au8fR54AaABAg,아야팬,피시방가니까 카드맆 키고 메이플하던데 ㅋㅋㅋㅋ,
Ugz15EBlCzV1ncEW7KB4AaABAg,여진정,어디 Pc방이지😊,
UgyUoW0uWAy7tfig2XJ4AaABAg,일몰, ㄹㅌㅇㅇㄴㅇ,
Ugyq1qG7jK5rpYidq594AaABAg,완기, 레이시티 브금이네 개추억ㅋㅋㅋㅋㅋ,
UgyP8KtYOPmFCg_cyW14AaABAg,master_ruby,썸넬 땜에 예전 영상인줄 알았다,
UgzoPE7CicxWlKV_Xfp4AaABAg,SHIN-gs6lp,오늘도 사이좋은(?) 둘.  가스렌지에 물올리게 되는 영상이었다😂,
UgxH6c7z3vB_YArsXA94AaABAg,션패,쌀먹 ㅅㅅ,
Ugz1Hv-xRmi5oIN05DN4AaABAg,les-fe,디펜스(?)의 그랜드 마스터(?) 우물,
Ugzscp3-1T8FfO2PNo54AaABAg,흰둥이,중간에  왜 레이시티 브금이 들렸지 ,
Ugz_v056zBlyDLe4hft4AaABAg,usesion,열린우물님 걍 암것도 안하고 가만히 있어도 웃기네 ㅋㅋㅋㅋㅋㅋ 치트키;;,
UgzbsKVeQTCnIxIfslN4AaABAg,enidanny554,아니 너무 수상하잖아...ㅋㅋㅋㅋ,
Ugw51MEEAsBxZebsc5l4AaABAg,요와이,쇼츠만 보다가 롱폼 처음 보는데 편집 소스를 얼굴로 한 사람이 실제로 살아 움직이니까 되게 낯서네 ㅋㅋㅋㅋㅋㅋㅋ,
UgzQbhjzWC8m66MkzK94AaABAg,Jay-kp1oe,어 이거 카트 켜놓고 다른 게임만 해도 10시간 공짜+5000원 먹거리 주는 거임??,
Ugx0i_kn0IBds4nKGex4AaABAg,김창섭djejs,PC방 쌀먹은 뭐야,
Ugx6SosvLRFQ3nFUbPN4AaABAg,JH_JCHI,재미없는거 억지로 해야하네....;;,
Ugz-KGEoWLFVxIFgjRh4AaABAg,이근규,이거 좋더라 카트키고 던파헬도면 개꿀입,
UgwAYtIazhfO6xJD9CJ4AaABAg,Panda-jw4hi,오,
UgxUIQbbhDmrQMvJIeh4AaABAg,수건,아 배고프다,
UgwsOkU1HpSqy5-9DjB4AaABAg,이노리,팁:저거 켜두고 다른게임하시면됩니다 ㅋㅋ,
UgwYjUTxbZFf7mJikO94AaABAg,White-ic4wq,아니 인트로에 지나가는 차가 거의 하승진님인데 ㅋㅋ,
UgxLjA8lZOwexi8n8fJ4AaABAg,늘보랑,팬이에요 입질의추억님!,
Ugz60JlTjbWLFc7osLB4AaABAg,StaLight, 편집 뭔데 ㅋㅋㅋㅋㅋㅋㅋㅋㅋㅋㅋㅋㅋㅋㅋㅋ,
Ugx5LrL2fu9IsTNQVph4AaABAg,Face-별빛,브금이 레이시티 브금도 있었던거 같음,
UgwBgHecZVVaZ7A6H4l4AaABAg,africa_stream,우물님ㄷㄷ 팬이에요,
Ugxt8js2-cH06L4awbF4AaABAg,꼬북칩,카트 켜놓고 다른 넥슨게임 가능 <<<이렇게해서 점유율 높여봤자 카트 망한거 인정하겠다는 거 아님?,
UgyWCuEWwZuWxBSCp794AaABAg,MsJ-세종,이렇게라도 점유율올라가서 좋네 ㅋㅋ,
UgzVfmGG93qQB1CIfp54AaABAg,스토커-Stalker,아마 넥슨이 지원해준듯...,
Ugz6brBEAQ1sT6IDlMB4AaABAg,shinwaldongfirepunchfdzz, 와 인트로 바꼈어 ㅁㅊ 역시 형집자,
UgyYsPgMI9YnYprIqWF4AaABAg,kkm1778,생방에서 그렇게 사납던 선인장이 맞나? 손 흔들어 주는거 왜케 좋지ㅋㅋㅋ,
UgwrG559e8jamLNico94AaABAg,박상우,베댓이다,
UgxyzeZTFbBUIlUw2ex4AaABAg,아이디,이제 부가티로 노젓기 과연..,
UgxwOlcM4aHGdx7I4B94AaABAg,여친맘속,이젠 놀라울정도로 광고가아니라는게 신기할 유튜버 대.형.독@.@,
UgyTvwDQLC9XsBQAJRN4AaABAg,HakosBaelz0229,딴 게임도 무료 10시간 적용 되나?,
Ugx96xEC_XqUiDqeN0R4AaABAg,님피아,카트라이더 이벤트로 하는거 아님?,
UgxUOUu6iAANhkozdPN4AaABAg,나그네유튜브,오랜만에 다양한 인트로ㅋㅋ 인트로변형도 자주 해줬으면,
Ugycay2XmWHKkfIsN_B4AaABAg,Curv_ed,Pc방에서 카트하면 좀 쪽팔릴거같은데,
UgydTUJgXBYDIPJfz094AaABAg,Zac1114,제목 보자마자 카드맆 이벤트인거 알았다…,
UgyWtlfmwC4wQbUEZd54AaABAg,bjmute8522,2분전은 못참지 왔다내야동,
UgzLx97kfgC03T8iiyd4AaABAg,이윤서-n7w7w, ㅋㅋㅋㅋ 편집 레전드,
Ugwip-NV0pwv0kBF3NN4AaABAg,GALGORY,부가티 얼마나 사기로 내야 이게 회수가 될까,
UgwbnkDJ3LGHJhs_iGB4AaABAg,삐eee,카드맆 pc방 가서 하기가 좀.... 아직 부끄럽다...,
Ugwd2RmeDwk7ef1KwC54AaABAg,나그네유튜브,이렇게 브이로그? 자주 찍는것도 좋네요,
UgzxdyYjs3UrpAMDsgt4AaABAg,노는자,피시방에서만카트하는저한테는개꿀이네요,
UgzRZKG85_kbK2pWQJF4AaABAg,블랙갓백,배그도 같이 켜지나?,
UgzntkszJLIsuOeQy6B4AaABAg,hand1633,이거 듣기로는 카트 밑에다가 깔아두고 딴거할수 있어가지고 개꿀이라던데 ㅋㅋ,
Ugy6IFPlpRm5bz6FPYt4AaABAg,부태입니다,혼자 즐거운 시간 보낼려고 피방으로 도망치는 형독.,
UgyJOthhL8y6HYJ8B6p4AaABAg,End_it,카트영상좀 자주올려주세요!!!!!,
UgwROsez1MnAYqTiyJ54AaABAg,바미,우물님은 퇴사 하셧는대 같이나오네 신기하누,
UgxhHv73xA272gSVojN4AaABAg,mujeogui_sambaegpalsibdolo,매우 아이러니한 사실:카드립이 로아 등 인기겜은 pc방 점유율로 이겼는데 1월 20일 오후 5시 5분 기준으로 치지직 시청자순위 카러플보다 낮음(22명) +동일시점 기준 로아 시청자 5000명후반 메이플 900명 극후반 롤 4000명 초반 발로란트 7000명 중반,
